model_label,mode,layer,n_confirmation,n_confirmation_seed_clusters,min_confirmation_per_class,max_confirmation_per_class,pca_components,logistic_accuracy,logistic_balanced_accuracy,ncc_accuracy,ncc_balanced_accuracy,class_balanced_snr,class_balanced_snr_db,class_balanced_signal_power,class_balanced_noise_power,nc4_probe_ncc_disagreement,nc1_trace_sigmaw_sigmab_pinv_over_c,nc2_etf_gram_relative_error,nc2_centered_centroid_norm_cv,pillai_trace_regularized,lawley_hotelling_trace_regularized,wilks_lambda_regularized,wilks_log_separation_regularized,covariance_ridge,covariance_ridge_attempts,covariance_min_eigenvalue_before_ridge,covariance_within_scale
Gemma4-E4B,non_thinking,0,100,10,10,10,32,0.15,0.15,0.12,0.12000000000000002,0.07395847868488314,-11.310120307951209,170.9902801513672,2311.976708984375,0.62,-12028010.886269283,1.125208854675293,0.2550772726535797,2.6040899720692856,4.710561336892868,0.033260831460724165,3.4033748067106937,7.224926334619521e-05,1,1.9420899784803933,72.24926334619522
Gemma4-E4B,native_thinking,0,67,10,3,10,32,0.417910447761194,0.4371428571428571,0.14925373134328357,0.2,0.2818262533604367,-5.500185528927599,513.9058837890625,1823.4847806453704,0.8208955223880597,-78451530.51710153,1.1126749515533447,1.3772003650665283,5.0177145689122025,141125.35505780144,2.216641868932011e-09,19.927272457957297,6.11798758804798e-05,1,0.001743622132726596,61.17987588047981
Gemma4-E4B,non_thinking,1,100,10,10,10,32,0.13,0.13000000000000003,0.14,0.14,0.07243201583267324,-11.400694279178275,152.7953338623047,2109.499951171875,0.63,2820699943.718915,1.0355085134506226,0.22082190215587616,2.986339488150224,5.5258572215086845,0.01923375270806804,3.9510885897949817,6.592186912894249e-05,1,2.4016481480946283,65.92186912894249
Gemma4-E4B,native_thinking,1,67,10,3,10,32,0.6119402985074627,0.6385714285714286,0.14925373134328357,0.21285714285714286,0.39301102858137155,-4.0559526238582215,638.1754760742188,1623.810604953766,0.7611940298507462,219761899.6572557,1.1416047811508179,1.3581392765045166,5.45061165361045,12747.52082178295,2.103444832884246e-08,17.67710434659239,5.474924678355455e-05,1,0.008216397824818821,54.749246783554554
Gemma4-E4B,non_thinking,2,100,10,10,10,32,0.14,0.14,0.09,0.09,0.08083463978086967,-10.924024926675134,147.37344360351562,1823.1471557617188,0.66,446091942.8439318,0.8167682886123657,0.13879048824310303,2.79521573271663,4.717919685913433,0.028415617760397777,3.560816363825429,5.697335125505924e-05,1,1.6568708672286587,56.97335125505924
Gemma4-E4B,native_thinking,2,67,10,3,10,32,0.6119402985074627,0.6285714285714287,0.22388059701492538,0.2671428571428571,0.2948523811865138,-5.303953605706326,569.7352905273438,1932.2729843139648,0.7611940298507462,-839174491.5603874,1.4342635869979858,1.2651429176330566,5.838681919514778,6990.687933129294,3.5058330899218806e-09,19.468837658562396,6.380847964808344e-05,1,0.004826247637530794,63.80847964808345
Gemma4-E4B,non_thinking,3,100,10,10,10,32,0.18,0.18,0.12,0.12,0.08756832762219527,-10.576529443586436,153.41513061523438,1751.947705078125,0.69,323728032.9150425,0.8276170492172241,0.23329691588878632,3.1817521149479266,5.987909224128422,0.014392365862016265,4.241057361449663,5.474837140738964e-05,1,2.125281003757159,54.74837140738964
Gemma4-E4B,native_thinking,3,67,10,3,10,32,0.582089552238806,0.5957142857142858,0.23880597014925373,0.2814285714285714,0.30058692213803273,-5.2202991851571054,482.1260681152344,1603.9489166259766,0.7910447761194029,175043117.28898683,1.4751181602478027,1.073127269744873,5.584026173505439,2601.082706187758,1.3880409348412586e-08,18.09278739034207,5.372550960630178e-05,1,0.014590416082027867,53.725509606301785
Gemma4-E4B,non_thinking,4,100,10,10,10,32,0.19,0.19,0.12,0.12,0.08458721762794612,-10.726952602833176,140.0797882080078,1656.0396728515625,0.76,113291327.96318707,0.9035292267799377,0.28188174962997437,3.2465314920318447,7.134336679289705,0.010477173182686336,4.5585563709506225,5.175124418735504e-05,1,1.637283293781297,51.75124418735504
Gemma4-E4B,native_thinking,4,67,10,3,10,32,0.582089552238806,0.6014285714285714,0.2537313432835821,0.2957142857142857,0.338133951029545,-4.709112208209703,509.51336669921875,1506.8388286590575,0.7611940298507462,-32804188.153924763,1.442052960395813,0.9973732233047485,5.590923160549309,1333.0274172645359,1.575650424940533e-08,17.966012588706462,5.166370509564876e-05,1,0.021475126438966343,51.663705095648766
Gemma4-E4B,non_thinking,5,100,10,10,10,32,0.36,0.36000000000000004,0.33,0.32999999999999996,0.5806368613281762,-2.36095396745368,616.5330200195312,1061.8220458984374,0.72,59890289.414685525,1.72737455368042,0.9569478631019592,3.494970342304721,178.06894281725295,0.00010036520410247832,9.206694983461317,3.31819394081831e-05,1,0.7381111621536979,33.1819394081831
Gemma4-E4B,native_thinking,5,67,10,3,10,32,0.5671641791044776,0.5871428571428571,0.23880597014925373,0.27714285714285714,0.2501872284385258,-6.017348639481267,445.2084045410156,1779.5009254455567,0.7910447761194029,870933263.367178,1.6063742637634277,0.9993999600410461,5.4135844720108235,3038.012576522284,1.6993322587147644e-08,17.890445359043312,5.863125721924007e-05,1,0.014903004730624645,58.63125721924007
Gemma4-E4B,non_thinking,6,100,10,10,10,32,0.34,0.33999999999999997,0.33,0.32999999999999996,0.5613610637560921,-2.507577135083076,591.6322021484375,1053.924542236328,0.61,-197808867.3570854,1.7046478986740112,0.9753542542457581,3.5647516714048884,167.97106325417144,9.303934779155234e-05,9.282488059757451,3.293514086306095e-05,1,0.6854252115054326,32.93514086306095
Gemma4-E4B,native_thinking,6,67,10,3,10,32,0.5970149253731343,0.6114285714285714,0.2835820895522388,0.31999999999999995,0.2476707031182133,-6.061253629199964,399.9400634765625,1614.8057014465332,0.7313432835820896,-8549725.533539724,1.5587799549102783,0.9294635057449341,5.15078580807506,2561.2391722025345,5.0945737962088997e-08,16.792504732158612,5.3517447367310524e-05,1,0.0229961293633314,53.517447367310524
Gemma4-E4B,non_thinking,7,100,10,10,10,32,0.34,0.34,0.27,0.27,0.4313704665842047,-3.6514959182171927,502.35870361328125,1164.564434814453,0.56,-23708509.75619452,1.633313536643982,0.989919900894165,3.682082166608556,122.28654066928804,0.0001282228980235753,8.961740417698524,3.639264605939388e-05,1,0.8044537449935696,36.39264605939388
Gemma4-E4B,native_thinking,7,67,10,3,10,32,0.5671641791044776,0.5871428571428571,0.23880597014925373,0.2814285714285715,0.2733646250421071,-5.632576863410113,448.91790771484375,1642.1945877075195,0.7164179104477612,-2559822.2726786854,1.5948327779769897,1.040220022201538,5.0055823265750945,2061.4320869888634,6.570898243528049e-08,16.53803020184699,5.4474381033331156e-05,1,0.031430767849220644,54.474381033331156
Gemma4-E4B,non_thinking,8,100,10,10,10,32,0.32,0.31999999999999995,0.25,0.25000000000000006,0.4659445854454955,-3.3166573066251983,561.4161987304688,1204.899072265625,0.64,588724248.6013845,1.5951342582702637,1.0025542974472046,3.6853533006196955,180.11461310813303,7.682995839276847e-05,9.473915910634162,3.765309478342533e-05,1,0.958657890513802,37.65309478342533
Gemma4-E4B,native_thinking,8,67,10,3,10,32,0.582089552238806,0.6014285714285713,0.2835820895522388,0.3242857142857143,0.3207595786260131,-4.938203657174664,466.788330078125,1455.2592071533204,0.6865671641791045,-366150262.11891395,1.6603721380233765,1.017189383506775,5.258384328453674,2639.4072321465237,4.319256847205633e-09,19.260182475598388,4.834542834758758e-05,1,0.013895919661032428,48.345428347587585
Gemma4-E4B,non_thinking,9,100,10,10,10,32,0.35,0.35,0.3,0.30000000000000004,0.5587602579076774,-2.5277449086348422,681.9119873046875,1220.4017333984375,0.56,984343387.754481,1.642524003982544,1.0015603303909302,3.4302703877346126,330.46955285727347,5.872663874806234e-05,9.742617122349944,3.813755293190479e-05,1,0.7240508380970768,38.13755293190479
Gemma4-E4B,native_thinking,9,67,10,3,10,32,0.6417910447761194,0.6642857142857144,0.2537313432835821,0.2957142857142857,0.464253322442563,-3.332449795358214,636.097900390625,1370.1526077270507,0.7014925373134329,573561.5660245717,1.6391160488128662,1.1566418409347534,5.137227485543694,1585.9300894732341,2.432783262470277e-08,17.53164476653982,4.5678777039051056e-05,1,0.017184648546310237,45.678777039051056
Gemma4-E4B,non_thinking,10,100,10,10,10,32,0.28,0.27999999999999997,0.3,0.3,0.6596400876102527,-1.8069295930571747,775.3516845703125,1175.416259765625,0.6,-177674831.46071434,1.6359329223632812,1.0166267156600952,3.474055079680046,289.19465542189755,5.591676355219405e-05,9.791646338105002,3.673175831139088e-05,1,1.2317325190514934,36.73175831139088
Gemma4-E4B,native_thinking,10,67,10,3,10,32,0.6119402985074627,0.6242857142857143,0.34328358208955223,0.3771428571428571,0.6681239700551402,-1.7514294693221921,734.1154174804688,1098.7712615966798,0.5970149253731343,-37983531.50406627,1.4563133716583252,1.1548502445220947,5.529635496951436,709.658350403172,9.545971199192346e-08,16.164561542428277,3.692666535824537e-05,1,0.09429560711933016,36.92666535824537
Gemma4-E4B,non_thinking,11,100,10,10,10,32,0.4,0.4,0.33,0.32999999999999996,0.5559734024252657,-2.549459844183686,574.0607299804688,1032.5327209472657,0.56,-37838816.59092112,1.7449570894241333,0.8819065690040588,3.49872175469354,243.48156533580908,2.5278651655859995e-05,10.585550326505997,3.226664878427982e-05,1,0.3513271144921597,32.26664878427982
Gemma4-E4B,native_thinking,11,67,10,3,10,32,0.43283582089552236,0.45714285714285713,0.29850746268656714,0.33428571428571424,0.5527394418163369,-2.5747954437059133,643.2857666015625,1163.8137573242188,0.7164179104477612,-58016542.62641398,1.4792890548706055,1.2023197412490845,5.338662387330513,1268.5980504866272,1.882152969586936e-07,15.485679332765077,3.861952945590019e-05,1,0.10991228798458251,38.61952945590019
Gemma4-E4B,non_thinking,12,100,10,10,10,32,0.41,0.41,0.37,0.37,0.6379969229808002,-1.9518141584887165,665.999267578125,1043.8910339355468,0.57,118439252.28099701,1.7407007217407227,0.8505379557609558,3.7984738237165163,152.4980966763233,2.753351560630703e-05,10.500106546043574,3.262159603834152e-05,1,0.6339747220940724,32.62159603834152
Gemma4-E4B,native_thinking,12,67,10,3,10,32,0.40298507462686567,0.4285714285714285,0.2537313432835821,0.30428571428571427,0.48281469322100345,-3.1621952174017154,540.3115844726562,1119.0868713378907,0.6716417910447762,66234408.60588615,1.2154055833816528,1.096595287322998,4.676860358907786,791.7146827126883,1.8887358991686143e-06,13.179602789082306,3.754246373474598e-05,1,0.17065698959788056,37.54246373474598
Gemma4-E4B,non_thinking,13,100,10,10,10,32,0.45,0.45,0.38,0.38,0.6870395637713309,-1.6301825299454977,734.3955688476562,1068.9276245117187,0.59,243341798.63357276,1.7951011657714844,0.8597077131271362,3.617407191183341,229.47379506243865,3.624936491258344e-05,10.225088696469932,3.3403989762067795e-05,1,0.7151665374533165,33.403989762067795
Gemma4-E4B,native_thinking,13,67,10,3,10,32,0.417910447761194,0.4385714285714286,0.3582089552238806,0.4,0.43948403341902476,-3.570568983466862,469.9952697753906,1069.4251304626464,0.6119402985074627,63567247.74131878,1.0581010580062866,0.981394350528717,5.114915887349765,769.227264019549,8.166608093154534e-07,14.01804199436826,3.606678782403469e-05,1,0.1381936824953461,36.06678782403469
Gemma4-E4B,non_thinking,14,100,10,10,10,32,0.44,0.43999999999999995,0.34,0.33999999999999997,0.6519293041658564,-1.857994970216426,696.1229248046875,1067.7889770507813,0.6,73129503.87354085,1.79375159740448,0.8535405993461609,3.8647381654669326,161.90514251150114,3.2035533801651956e-05,10.348664839935733,3.336840642988682e-05,1,0.681798167398617,33.36840642988682
Gemma4-E4B,native_thinking,14,67,10,3,10,32,0.44776119402985076,0.4671428571428571,0.31343283582089554,0.3571428571428571,0.4260806379909003,-3.7050820061476584,459.291748046875,1077.9455978393555,0.6417910447761194,19116894283.753887,1.0703667402267456,0.9404732584953308,5.324918657981279,445.0612595511303,1.403055528015906e-06,13.476858179568762,3.6229585289955135e-05,1,0.2443764254616029,36.22958528995514
Gemma4-E4B,non_thinking,15,100,10,10,10,32,0.5,0.5000000000000001,0.41,0.41000000000000003,0.67289559769838,-1.7205231298367585,669.624755859375,995.1391540527344,0.53,-15156678.177550087,1.7521684169769287,0.8428897261619568,4.011902686897891,159.80093133308586,1.9934512506073295e-05,10.82305803160236,3.1098098605871196e-05,1,0.9100042392599844,31.0980986058712
Gemma4-E4B,native_thinking,15,67,10,3,10,32,0.47761194029850745,0.5071428571428571,0.3582089552238806,0.4,0.41952974497347506,-3.7723724193925454,445.2864685058594,1061.3942726135253,0.6119402985074627,1237093761.0094564,0.9053837060928345,0.8875664472579956,5.240601838451719,683.9013605923845,1.2157680994114565e-06,13.62013450032817,3.579301497340202e-05,1,0.1808196471725224,35.79301497340202
Gemma4-E4B,non_thinking,16,100,10,10,10,32,0.46,0.45999999999999996,0.35,0.35,0.6646060078684684,-1.7743573712843235,625.9949340820312,941.9038146972656,0.58,-35260890.670840666,1.7880744934082031,0.8443061709403992,3.886446020694152,143.72822858321334,3.6415694760429725e-05,10.220510701513614,2.9434495642781256e-05,1,1.1509478161939442,29.434495642781258
Gemma4-E4B,native_thinking,16,67,10,3,10,32,0.5373134328358209,0.57,0.40298507462686567,0.44857142857142857,0.43486243033446204,-3.6164811131196446,448.170654296875,1030.603296661377,0.5074626865671642,2637880373.563816,0.7883873581886292,0.7910935282707214,5.7464578565508475,371.8448512956675,4.760986196901239e-07,14.557640819951729,3.4696796000003814e-05,1,0.2208254373936036,34.696796000003815
Gemma4-E4B,non_thinking,17,100,10,10,10,32,0.37,0.37,0.3,0.3,0.6028989709818997,-2.1975545738073152,568.3579711914062,942.7084777832031,0.57,-104415328.32004628,1.8130229711532593,0.832472562789917,3.771378537882103,139.19157422694457,3.724187173415719e-05,10.198076845428641,2.9459639325737953e-05,1,0.6756572176058475,29.459639325737953
Gemma4-E4B,native_thinking,17,67,10,3,10,32,0.3582089552238806,0.38,0.3582089552238806,0.39714285714285713,0.35726297669137275,-4.470119875807884,399.38446044921875,1117.9005004882813,0.6567164179104478,-100974778.98362784,0.8314636945724487,0.738152027130127,5.649368313790431,157.7266793079183,2.1407138567342636e-06,13.054371206642049,3.747392292320728e-05,1,0.3570395668515902,37.47392292320728
Gemma4-E4B,non_thinking,18,100,10,10,10,32,0.47,0.4699999999999999,0.3,0.3,0.5798793562746621,-2.3666235187531197,550.4364013671875,949.2257232666016,0.52,-137512987.26067784,1.7956604957580566,0.8442284464836121,3.791546869561495,135.71649855457397,3.3925815930401664e-05,10.29133430152588,2.9663303703069685e-05,1,0.8606797083392647,29.663303703069687
Gemma4-E4B,native_thinking,18,67,10,3,10,32,0.44776119402985076,0.46571428571428564,0.3283582089552239,0.36857142857142855,0.377894411264985,-4.226295308792954,416.0252380371094,1100.9033889770508,0.5671641791044776,104102558.48454817,0.8926268815994263,0.7624284029006958,5.856700523727273,171.8071702299691,7.448029856691068e-07,14.110146102305892,3.691733469069004e-05,1,0.211597971824622,36.91733469069004
Gemma4-E4B,non_thinking,19,100,10,10,10,32,0.47,0.47000000000000003,0.31,0.30999999999999994,0.5569083961494656,-2.5421623448248947,543.702880859375,976.2878143310547,0.52,-201688935.20273584,1.7661433219909668,0.8450018763542175,3.618341614183305,119.15432448340152,5.019080819219562e-05,9.89967865177325,3.0508993342518805e-05,1,0.9684826304277124,30.508993342518806
Gemma4-E4B,native_thinking,19,67,10,3,10,32,0.373134328358209,0.3957142857142857,0.34328358208955223,0.3871428571428571,0.42723831001251017,-3.6932981150135333,453.0589904785156,1060.4362480163575,0.5223880597014925,-70493530.98439398,0.8648412227630615,0.829981803894043,5.086747039853121,340.06318620420257,3.006516637779755e-06,12.71472841254571,3.5582950487732885e-05,1,0.27766269580610686,35.58295048773289
Gemma4-E4B,non_thinking,20,100,10,10,10,32,0.47,0.47000000000000003,0.32,0.32,0.618022848069635,-2.089954689125734,602.8912353515625,975.5160949707031,0.57,-588940841.836923,1.7372106313705444,0.8334823250770569,3.888077318765852,131.4309031843987,2.8032876083092057e-05,10.482132590734471,3.048487690091133e-05,1,0.946211872233437,30.48487690091133
Gemma4-E4B,native_thinking,20,67,10,3,10,32,0.40298507462686567,0.4242857142857142,0.40298507462686567,0.4242857142857142,0.470365508225856,-3.2756453245996404,501.5352478027344,1066.267060470581,0.5671641791044776,16413257.883292383,0.9267162084579468,0.8280460238456726,5.3401202514383606,245.6469579137736,2.8504574526585235e-06,12.768031066859274,3.616497446596622e-05,1,0.24753501997338545,36.164974465966225
Gemma4-E4B,non_thinking,21,100,10,10,10,32,0.45,0.45,0.32,0.32,0.6127949401401628,-2.126848293387011,585.2962646484375,955.1258117675782,0.56,278414355.57343787,1.6733248233795166,0.8205481171607971,3.8183190808665772,123.44353698325159,4.158156180485943e-05,10.08785371479539,2.9847682416439056e-05,1,1.2997999925969639,29.847682416439056
Gemma4-E4B,native_thinking,21,67,10,3,10,32,0.43283582089552236,0.4471428571428572,0.43283582089552236,0.4685714285714285,0.4806397200965935,-3.1818034192585154,484.8821716308594,1008.826676940918,0.5522388059701493,-143901328.18689758,0.9266930818557739,0.783038318157196,5.382809455762302,283.4362125322943,1.91958610641503e-06,13.16340096473855,3.462061014771461e-05,1,0.36755805993274027,34.620610147714615
Gemma4-E4B,non_thinking,22,100,10,10,10,32,0.47,0.4699999999999999,0.38,0.38,0.6219958641556073,-2.062125030589714,573.7898559570312,922.4978637695312,0.48,601665223.3679222,1.6517524719238281,0.7748494148254395,3.9228640929599567,117.49451093486981,5.230096338140828e-05,9.858495766768435,2.8828057557344435e-05,1,1.4580119474381883,28.828057557344437
Gemma4-E4B,native_thinking,22,67,10,3,10,32,0.4925373134328358,0.51,0.5223880597014925,0.5557142857142857,0.569222075961135,-2.4471826515453583,535.6863403320312,941.0849700927735,0.5223880597014925,149865641.69335872,0.9922957420349121,0.7925474643707275,5.485941031487426,674.8805471858417,5.656014866098508e-07,14.385376093990821,3.252257001399994e-05,1,0.25947073356629974,32.52257001399994
Gemma4-E4B,non_thinking,23,100,10,10,10,32,0.38,0.38,0.32,0.32000000000000006,0.6090394983736414,-2.1535454091481254,545.8202514648438,896.1984451293945,0.52,221196172.0485621,1.6877572536468506,0.8191690444946289,3.5877807684438023,116.25942132506651,9.336262117466604e-05,9.27901949438753,2.8006202280521393e-05,1,0.9894728644904865,28.006202280521393
Gemma4-E4B,native_thinking,23,67,10,3,10,32,0.4626865671641791,0.4757142857142858,0.44776119402985076,0.47285714285714275,0.4935505205495762,-3.0666838570372756,583.8356323242188,1182.9298278808594,0.5074626865671642,-295354340.17700636,1.5028893947601318,0.551972508430481,5.304403839163591,390.56016684637484,2.944814782023789e-07,15.038049728184431,3.972437403351068e-05,1,0.18128856896827714,39.724374033510685
Gemma4-E4B,non_thinking,24,100,10,10,10,32,0.46,0.45999999999999996,0.29,0.29,0.6981310145212773,-1.5606306800097782,532.075439453125,762.14267578125,0.57,-402216299.5257917,1.6421781778335571,0.8666664361953735,3.8833909951877006,108.58995256018854,9.10752263148766e-05,9.303824730144086,2.381695917248726e-05,1,0.9331582316027774,23.81695917248726
Gemma4-E4B,native_thinking,24,67,10,3,10,32,0.47761194029850745,0.48428571428571426,0.44776119402985076,0.47285714285714275,0.4256375738149844,-3.7096004100380284,551.7166748046875,1296.212338256836,0.5223880597014925,46340647.06165346,1.5240263938903809,0.5617085099220276,5.248371082245095,334.5162555660964,3.1368070385369195e-07,14.97489023510585,4.333714990317821e-05,1,0.19997516808826563,43.337149903178215
Gemma4-E4B,non_thinking,25,100,10,10,10,32,0.37,0.37,0.32,0.31999999999999995,0.7586931494025665,-1.1993383736745409,515.0408935546875,678.8527008056641,0.55,190055435.54270202,1.6431126594543457,0.905852198600769,3.766861590552069,101.58266707475417,0.00014415348828982345,8.84463193514509,2.121414765715599e-05,1,1.0753351480585989,21.21414765715599
Gemma4-E4B,native_thinking,25,67,10,3,10,32,0.5074626865671642,0.5128571428571428,0.40298507462686567,0.42428571428571427,0.41449288878508433,-3.824829159891961,523.5143432617188,1263.0237030029298,0.582089552238806,90399752.33226374,1.4955464601516724,0.5483928322792053,5.5196265528456605,183.45999319368352,4.5772078877549773e-07,14.59700647022761,4.236604706197977e-05,1,0.0927961358297278,42.36604706197977
Gemma4-E4B,non_thinking,26,100,10,10,10,32,0.34,0.33999999999999997,0.29,0.29000000000000004,0.7278127505176945,-1.379803402983264,496.1787109375,681.7395141601562,0.64,-79547456.74748948,1.632394552230835,0.912962794303894,3.7529750396289985,78.75439581252854,0.0002317677982730334,8.369774557015097,2.130435936152935e-05,1,1.2043250505780065,21.30435936152935
Gemma4-E4B,native_thinking,26,67,10,3,10,32,0.47761194029850745,0.4885714285714286,0.3880597014925373,0.41,0.3690658750748426,-4.3289610910353815,487.4452209472656,1320.753973388672,0.582089552238806,93124471.58433619,1.4596285820007324,0.5349966883659363,5.305694650788293,178.99424549513614,7.252087061479229e-07,14.136806352969653,4.381463231146335e-05,1,0.17057425198284706,43.814632311463356
Gemma4-E4B,non_thinking,27,100,10,10,10,32,0.4,0.4,0.29,0.29000000000000004,0.8270539400698088,-0.8246616504147684,544.9149780273438,658.8626831054687,0.62,-281730693.0969973,1.6459718942642212,0.9323028326034546,3.9067332523299694,63.808166870931544,0.0002478357475800394,8.302744339367223,2.0589458495378493e-05,1,1.0321177986138614,20.589458495378494
Gemma4-E4B,native_thinking,27,67,10,3,10,32,0.4626865671641791,0.48,0.373134328358209,0.3957142857142857,0.3681997233255263,-4.3391654217160855,483.5782775878906,1313.3586120605469,0.5373134328358209,-11685739.965675179,1.4541382789611816,0.5611844658851624,5.165440239202586,212.5721518191432,8.485768927116862e-07,13.97970513444324,4.3508850060403345e-05,1,0.1916399825128166,43.50885006040335
Gemma4-E4B,non_thinking,28,100,10,10,10,32,0.33,0.32999999999999996,0.28,0.28,0.7478698880839598,-1.2617395267340126,540.3829345703125,722.5627655029297,0.56,365234161.15500635,1.5989630222320557,0.8913765549659729,3.7432156824434064,60.08706943623888,0.00033242981856727714,8.009081792125304,2.2580084651708604e-05,1,1.1090088360663406,22.580084651708603
Gemma4-E4B,native_thinking,28,67,10,3,10,32,0.4626865671641791,0.4757142857142857,0.3880597014925373,0.40428571428571425,0.37254456311159634,-4.28821770282399,526.2156982421875,1412.4906127929687,0.6119402985074627,162236728.47264853,1.3907605409622192,0.6430680751800537,5.09087100147099,196.49639213269688,1.5035017622088492e-06,13.407713662447447,4.674219469726086e-05,1,0.3014986582836679,46.74219469726086
Gemma4-E4B,non_thinking,29,100,10,10,10,32,0.37,0.37,0.3,0.3,0.690786954810232,-1.6065587247606987,483.51824951171875,699.9527801513672,0.51,-313092327.39150393,1.589789867401123,0.8690666556358337,3.846334496592525,40.10557914873046,0.00046127185785264045,7.68152297543392,2.1873523712158203e-05,1,0.9764523896380619,21.873523712158203
Gemma4-E4B,native_thinking,29,67,10,3,10,32,0.43283582089552236,0.4514285714285714,0.3582089552238806,0.3871428571428571,0.2956562239256476,-5.292129741378556,436.9051818847656,1477.7472839355469,0.582089552238806,-36283755.99506412,1.3945597410202026,0.6101744771003723,5.0872034472215475,187.67655405524047,1.8575093799934028e-06,13.196274010572683,4.8776647612452504e-05,1,0.3196012258067053,48.77664761245251
Gemma4-E4B,non_thinking,30,100,10,10,10,32,0.29,0.29000000000000004,0.27,0.2700000000000001,0.741078710769938,-1.3013566268511876,487.79986572265625,658.2294952392579,0.46,-1399611279.0223553,1.577479362487793,0.8881406784057617,3.9685594387075884,41.83692348766061,0.0004136704541646667,7.7904409055518835,2.056967280805111e-05,1,0.9333695490300145,20.56967280805111
Gemma4-E4B,native_thinking,30,67,10,3,10,32,0.4626865671641791,0.48,0.26865671641791045,0.3,0.24178421099670175,-6.165720628668635,384.1602478027344,1588.8558074951172,0.6865671641791045,-40311398.9336131,1.38088059425354,0.5856692790985107,5.091899827775405,233.02097504221925,1.2646847145912603e-06,13.580687704326877,5.258075740933418e-05,1,0.16530682908761987,52.58075740933418
Gemma4-E4B,non_thinking,31,100,10,10,10,32,0.28,0.28,0.28,0.2800000000000001,0.7499731102614903,-1.2495430764084174,457.6665954589844,610.2440063476563,0.6,250107576.62836465,1.567988634109497,0.8919612765312195,4.083691504661212,47.30827289488241,0.0002953045006567538,8.127503528366253,1.907012564688921e-05,1,0.6848022532585619,19.07012564688921
Gemma4-E4B,native_thinking,31,67,10,3,10,32,0.4925373134328358,0.49523809523809537,0.23880597014925373,0.2509523809523809,0.2394731932138104,-6.2074309473753555,363.0711364746094,1516.1243377685546,0.6567164179104478,-29327781.453846175,1.365882158279419,0.5682246088981628,5.289934291565167,341.5197420602012,5.017830774089961e-07,14.505097927359161,5.050716865062713e-05,1,0.080814085843237,50.507168650627136
Gemma4-E4B,non_thinking,32,100,10,10,10,32,0.33,0.32999999999999996,0.27,0.27,0.6505921480620785,-1.8669118248344476,426.4920959472656,655.5444869995117,0.61,-37208288.15332034,1.5709186792373657,0.8792887330055237,3.9398958255225747,49.98759891387718,0.0003650384041723529,7.915507993006138,2.048576574027538e-05,1,0.4887053068195314,20.485765740275383
Gemma4-E4B,native_thinking,32,67,10,3,10,32,0.417910447761194,0.4238095238095238,0.23880597014925373,0.24333333333333335,0.23261424420583837,-6.333636946351521,345.0777282714844,1483.4763427734374,0.6417910447761194,-34536220.50682522,1.3896267414093018,0.5720898509025574,4.884932830412746,210.17359736256657,2.102603820054431e-06,13.072334066982194,4.968074105679989e-05,1,0.0936171235202944,49.68074105679989
Gemma4-E4B,non_thinking,33,100,10,10,10,32,0.33,0.33,0.28,0.28,0.6434032880623355,-1.915167240002914,450.28216552734375,699.8443649291992,0.55,-396268332.62597746,1.605169653892517,0.8966752886772156,3.899792920986555,60.02142208295159,0.00024989053340737123,8.294487602364015,2.1870136514306067e-05,1,0.3816147856751617,21.87013651430607
Gemma4-E4B,native_thinking,33,67,10,3,10,32,0.6119402985074627,0.6342857142857141,0.31343283582089554,0.35285714285714287,0.26100950013705226,-5.833436850678017,401.74371337890625,1539.1919189453124,0.6119402985074627,-917745658.5814813,1.2822365760803223,0.6145520806312561,5.734280224845451,332.99943705704914,2.745852293795365e-07,15.10800413464579,5.1517311081290246e-05,1,0.1318725794542688,51.517311081290245
Gemma4-E4B,non_thinking,34,100,10,10,10,32,0.28,0.28,0.3,0.30000000000000004,0.6555772129997001,-1.8337615034326828,453.53094482421875,691.8040100097656,0.55,46363255.616510995,1.5950469970703125,0.9168127179145813,3.7223325651592734,61.584645119043465,0.0003789346913761591,7.878146685999056,2.161887226253748e-05,1,0.35411294268076154,21.61887226253748
Gemma4-E4B,native_thinking,34,67,10,3,10,32,0.5223880597014925,0.5371428571428571,0.2835820895522388,0.3242857142857143,0.2642404284414149,-5.780007351477372,391.6740417480469,1482.2638763427735,0.7014925373134329,-292386125.1076497,1.3387497663497925,0.6189991235733032,5.513217345064936,254.70702234521124,4.1193274256905707e-07,14.702405747114604,4.9803643114864826e-05,1,0.09931916232185986,49.803643114864826
Gemma4-E4B,non_thinking,35,100,10,10,10,32,0.34,0.33999999999999997,0.28,0.28,0.6517100453822157,-1.8594558478859269,449.25164794921875,689.3428314208984,0.6,-193753226.4648653,1.5663456916809082,0.8984742760658264,4.012848549175365,85.1040617719767,0.0001307169271808173,8.942476434007565,2.1541963301599024e-05,1,0.45491924645959914,21.541963301599026
Gemma4-E4B,native_thinking,35,67,10,3,10,32,0.5671641791044776,0.5871428571428571,0.23880597014925373,0.23904761904761904,0.2430754235124422,-6.142589489003462,341.26806640625,1403.9595672607422,0.7014925373134329,-48408588.70980284,1.4300098419189453,0.5838801860809326,5.242569740422927,359.5424241660009,4.838120928029021e-07,14.5415692436242,4.695254588127136e-05,1,0.058675110785558406,46.95254588127136
Gemma4-E4B,non_thinking,36,100,10,10,10,32,0.32,0.32,0.28,0.28,0.6867182926699844,-1.6322138379871474,474.91143798828125,691.5666046142578,0.58,9681662760.61859,1.5719108581542969,0.9173541069030762,4.082973198081175,83.37559701132734,0.000137022898772896,8.895362501775498,2.1611457265913485e-05,1,0.23789306250095635,21.611457265913486
Gemma4-E4B,native_thinking,36,67,10,3,10,32,0.5074626865671642,0.5128571428571428,0.2537313432835821,0.27666666666666667,0.21322980785776083,-6.711520844331353,321.89642333984375,1509.6220672607421,0.6119402985074627,-378022497.9550342,1.4133822917938232,0.5600436329841614,5.088797063197584,156.9006955616138,1.9033133015345815e-06,13.171914347607634,5.0161834858357904e-05,1,0.08571182628091016,50.161834858357906
Gemma4-E4B,non_thinking,37,100,10,10,10,32,0.31,0.31000000000000005,0.27,0.27,0.6830289461123408,-1.6556089094440885,481.10479736328125,704.3695587158203,0.61,-61605962.22927265,1.5639305114746094,0.9219892621040344,4.066211419894648,75.49334732151216,0.00016606984339814638,8.703102114733072,2.201154735684395e-05,1,0.37636402810318303,22.01154735684395
Gemma4-E4B,native_thinking,37,67,10,3,10,32,0.5074626865671642,0.5128571428571428,0.22388059701492538,0.22904761904761908,0.20584433328152463,-6.8646108425764885,308.15594482421875,1497.0338989257812,0.582089552238806,-549634383.512909,1.4173486232757568,0.5566126108169556,5.130884012007195,280.3982316694762,9.89596246637273e-07,13.825968808683255,4.9702052526175974e-05,1,0.06389697958059552,49.702052526175976
Gemma4-E4B,non_thinking,38,100,10,10,10,32,0.28,0.2800000000000001,0.25,0.25,0.7067916549086679,-1.5070858685134039,490.58026123046875,694.0945861816406,0.56,-51719516.85265538,1.5805848836898804,0.9412282705307007,3.90517732850857,78.3897684162547,0.0002170262766263011,8.435492121310887,2.1690456002950668e-05,1,0.2874375026129305,21.69045600295067
Gemma4-E4B,native_thinking,38,67,10,3,10,32,0.4626865671641791,0.4842857142857143,0.23880597014925373,0.24333333333333335,0.22217998179734957,-6.532950731475734,320.7456970214844,1443.630044555664,0.6567164179104478,177909969.80591816,1.3910032510757446,0.5871732234954834,5.052265903505251,338.22368571454484,8.467286035389732e-07,13.981885614491357,4.791834819316864e-05,1,0.03538961515680107,47.91834819316864
Gemma4-E4B,non_thinking,39,100,10,10,10,32,0.32,0.32,0.26,0.26,0.7419926588130589,-1.2960039155756473,513.0858154296875,691.4971588134765,0.54,-113873373.98947215,1.5935931205749512,0.9582001566886902,3.86295635551917,85.706898965944,0.00019759034876620104,8.52931461611964,2.1609285064041612e-05,1,0.32823586177313124,21.609285064041615
Gemma4-E4B,native_thinking,39,67,10,3,10,32,0.47761194029850745,0.4928571428571429,0.2537313432835821,0.2957142857142857,0.22987977485314806,-6.384992368910601,326.6448669433594,1420.9378234863282,0.5671641791044776,-650880270.1225636,1.393797516822815,0.6131875514984131,4.958746001995397,378.33790829840734,4.064082970530047e-07,14.71590752491366,4.705400939285755e-05,1,0.041795713680531324,47.05400939285755
Gemma4-E4B,non_thinking,40,100,10,10,10,32,0.28,0.27999999999999997,0.23,0.23000000000000004,0.7927697068686851,-1.0085295336527114,538.4387817382812,679.1868774414063,0.58,-525646566.23903525,1.616029143333435,0.9882093667984009,3.9481880142059778,91.8207840258861,0.00015814807120561233,8.75197880426794,2.1224588990211487e-05,1,0.34900141958654735,21.224588990211487
Gemma4-E4B,native_thinking,40,67,10,3,10,32,0.5671641791044776,0.5842857142857143,0.2835820895522388,0.31999999999999995,0.27935253334125093,-5.538473858354534,388.8904724121094,1392.1136413574218,0.6567164179104478,111881888.29583173,1.3955988883972168,0.719230592250824,5.183714121082701,383.24447629883485,5.178686465361707e-07,14.473544204958795,4.601715103536844e-05,1,0.02720651121440242,46.01715103536844
Gemma4-E4B,non_thinking,41,100,10,10,10,32,0.25,0.25,0.25,0.25,0.9914023400555626,-0.037500603430942255,553.0079345703125,557.8037414550781,0.62,175981139.985341,1.696045160293579,1.042288899421692,3.697900340528678,78.5995901238055,0.0002927435785124807,8.136213490782598,1.7431367501616476e-05,1,0.3839219754331646,17.431367501616478
Gemma4-E4B,native_thinking,41,67,10,3,10,32,0.43283582089552236,0.45,0.2537313432835821,0.2957142857142857,0.33079136278755744,-4.804458387285428,488.30596923828125,1476.1750885009765,0.6716417910447762,12783073.840488112,1.4058563709259033,0.8910064101219177,5.104777330720227,354.92932867730474,9.398972764117174e-07,13.877495248066968,4.8230893984436985e-05,1,0.03586257507700799,48.23089398443699
