mode,target,kind,candidate,link,formula,n_rows,n_trials,converged_full,seed_log_loss,seed_brier,seed_cell_r2,seed_cell_rmse,seed_fold_log_loss_sd,cell_log_loss,cell_brier,cell_cell_r2,cell_cell_rmse,cell_fold_log_loss_sd,length_log_loss,length_brier,length_cell_r2,length_cell_rmse,length_fold_log_loss_sd,needle_log_loss,needle_brier,needle_cell_r2,needle_cell_rmse,needle_fold_log_loss_sd,seed_rmse,seed_mae,seed_r2,cell_rmse,cell_mae,cell_r2,length_rmse,length_mae,length_r2,needle_rmse,needle_mae,needle_r2
direct,exact_correct,binary,power_separable,logistic,logit(p) = a_m + r_m log(L/5000) + s_m log(N/5) + o_m I(query-last),2400,2400.0,True,0.3755254118990511,0.11824045508701188,0.845813634097637,0.1341192792249304,0.03556753837789105,0.386240570579929,0.11970342461360936,0.7978708370895453,0.15356162998284892,0.027448034343208957,0.45866243629824943,0.12448086615596324,0.7722776532685859,0.1629937868649929,0.18441156444624673,0.41438252051173113,0.12876997708895965,0.7475829068416036,0.1716040783602986,0.09787305623065755,,,,,,,,,,,,
direct,parse_success,binary,inverse_separable,logistic,logit(p) = model-specific inverse_separable surface plus query-order nuisance,2400,2400.0,True,0.11162183672142362,0.029496914224069814,0.9648634917111187,0.0610639586119613,0.019009542039192095,0.10789659575239656,0.029901845738089072,0.9444305201142082,0.0767933866004575,0.025580346461187224,0.7421304007807387,0.0762901326035056,0.5711477131162706,0.21333372650342355,0.8807463004751613,0.21359973731388823,0.03914826022234271,0.8611659806071781,0.12138180827417229,0.3512282988490071,,,,,,,,,,,,
direct,truncated,binary,log_burden,logistic,logit(p) = a_m + b_m log[(N/5)(L/5000)] + o_m I(query-last),2400,2400.0,True,0.10449066271207971,0.02758017778874704,0.9579141244407424,0.06662933317148403,0.021521147002250104,0.09816539681217128,0.02756950559841542,0.9454364067502994,0.07586627569159658,0.03377782596598072,0.1676708788906338,0.031916542849274226,0.921202111863401,0.09117054953826528,0.06428982882873933,0.11121131108811473,0.03055598911746003,0.9259898656682704,0.08835739020864884,0.04913817460775132,,,,,,,,,,,,
direct,exact_given_parsed,binary,power_separable,logistic,logit(p) = a_m + r_m log(L/5000) + s_m log(N/5) + o_m I(query-last),2013,2013.0,True,0.41983378136664934,0.1340610173260829,0.8351345651277541,0.14380008190585997,0.04350082106447332,0.4254263436472876,0.13474375613497103,0.7890106931358991,0.16267639883733398,0.03661446591770846,0.4606285343467329,0.13884894330854564,0.770284863899167,0.16974192896426643,0.10818359059076559,0.44963031692310845,0.14223599514336835,0.7498995065452834,0.17711347393853252,0.1015266384019009,,,,,,,,,,,,
direct,within_one,binary,power_separable,logistic,logit(p) = a_m + r_m log(L/5000) + s_m log(N/5) + o_m I(query-last),2013,2013.0,True,0.3267997246482301,0.10134841300223797,0.9114292113282307,0.11133455265519901,0.04523386038999793,0.3294471929545262,0.09995779005226138,0.8773453877728918,0.13101669941033622,0.03415409368453181,0.355516732648986,0.10588434172007746,0.850379825364016,0.14470375172635472,0.04154492968146571,0.3346478566472666,0.10192312603576437,0.8680235999543746,0.13590419155721753,0.16517678458170493,,,,,,,,,,,,
direct,undercount,binary,log_burden,logistic,logit(p) = a_m + b_m log[(N/5)(L/5000)] + o_m I(query-last),2013,2013.0,True,0.4115941154969479,0.13119002495812232,0.7325295062760624,0.1548111017998201,0.05284917282775416,0.4043810552952121,0.12911310861614747,0.7020714621671251,0.16338802173404957,0.034640340847966224,0.4680578308744356,0.15021072405522798,0.5404961168891308,0.20291247809306254,0.060458328542062977,0.4143239117154231,0.13329181955346353,0.6727240516664719,0.17124630397690185,0.09798259095879903,,,,,,,,,,,,
direct,overcount,binary,inverse_separable,logistic,logit(p) = model-specific inverse_separable surface plus query-order nuisance,2013,2013.0,True,0.3727270636861815,0.11806619309195296,0.7250164667203115,0.13272832392480183,0.07621259612634446,0.3708727294861724,0.11725984883993913,0.6449695863327357,0.15081448155011823,0.043006402262511456,0.4552430364581077,0.13879083256528071,0.44094830092504234,0.18925015859053934,0.1592890951214219,0.38773097406457335,0.12228511325023228,0.5897683218538021,0.16211562055380935,0.10457264033811449,,,,,,,,,,,,
direct,log1p_absolute_error,continuous,root_separable,identity,E[target] = model-specific root_separable surface plus query-order nuisance,2013,,,,,,,,,,,,,,,,,,,,,,,0.5157244362482017,0.38542338831021994,0.6665680142567072,0.5154220789177005,0.3842610738320119,0.6669588665999291,0.5400836406864565,0.40229353742127993,0.634326166748179,0.5182978156821385,0.388938386406571,0.6632321716615444
direct,log1p_relative_error,continuous,log_burden,identity,E[target] = a_m + b_m log[(N/5)(L/5000)] + o_m I(query-last),2013,,,,,,,,,,,,,,,,,,,,,,,0.22081526804909588,0.14077575832477182,0.3674796450989306,0.21631588630674672,0.13858380606555637,0.3929937836469204,0.22798618045198488,0.14731461743294183,0.32573075104434945,0.220586151644169,0.14132161160340437,0.3687915616763474
direct,signed_relative_error,continuous,intercept_only,identity,E[target] = a_m + o_m I(query-last),2013,,,,,,,,,,,,,,,,,,,,,,,0.9598965317429545,0.29734122780800365,0.10117046013055564,0.9409181035918218,0.29017353302853754,0.13636120821782427,0.9634206975468507,0.3007185430560757,0.09455841594924475,0.9383672712398846,0.2926377410842121,0.1410375165907657
direct,asinh_signed_error,continuous,exponential_separable,identity,E[target] = model-specific exponential_separable surface plus query-order nuisance,2013,,,,,,,,,,,,,,,,,,,,,,,1.1663556758947133,0.8559142866749017,0.44011680955983556,1.1696810903275627,0.8541394394787428,0.43691967536463805,1.240154572551349,0.903949043696194,0.36702427885547695,1.2231164725466293,0.8933181105675977,0.38429731887980856
direct,signed_log_count_ratio,continuous,log_density,identity,E[target] = a_m + d_m log[(N/5)/(L/5000)] + o_m I(query-last),2013,,,,,,,,,,,,,,,,,,,,,,,0.4576629541588094,0.2783648664121264,0.37343656597501385,0.4444493137327222,0.27189766069604315,0.4090945347390571,0.4816140139650817,0.2964901529940306,0.3061401500352501,0.4478999680750257,0.2773507904721138,0.3998834694042479
direct,log1p_output_tokens,continuous,piecewise_power,identity,E[target] = model-specific piecewise log surface with L=5000 and N=8 knots,2400,,,,,,,,,,,,,,,,,,,,,,,0.3990974408151646,0.18769516832006863,0.7861808847084293,0.3956321839871013,0.18699490524644446,0.7898778338213162,0.4914665041933383,0.24847928860214846,0.6757526090160214,0.39607878337017804,0.1898161857254681,0.7894031838899703
enumeration,exact_correct,binary,log_burden,logistic,logit(p) = a_m + b_m log[(N/5)(L/5000)] + o_m I(query-last),2400,2400.0,True,0.39272039166005823,0.12739797598116254,0.8027600250729907,0.15778097222573834,0.02853040904631964,0.3854125719266307,0.12399953046217944,0.7828863395031607,0.16553915471070296,0.05479349547957538,0.4435022654168883,0.135904439887552,0.7022081017262813,0.19387133351921446,0.05774923430908413,0.40097718571071767,0.13053037509522397,0.7431774383719234,0.1800419653983184,0.04888744309125904,,,,,,,,,,,,
enumeration,parse_success,binary,intercept_only,logistic,logit(p) = a_m + o_m I(query-last),2400,2400.0,True,0.2347656182892735,0.07223610880363111,0.8318041730114896,0.11484288784705757,0.029746863504353013,0.23178688019107876,0.07084548387380366,0.821880872120999,0.11818212006259567,0.03636281617690795,0.2333388303767127,0.0724583288964418,0.8161730915919119,0.12006074616917797,0.03136776059410406,0.23277362788910105,0.07217832439505842,0.808055726168585,0.12268291226195702,0.03512710714107598,,,,,,,,,,,,
enumeration,truncated,binary,intercept_only,logistic,logit(p) = a_m + o_m I(query-last),2400,2400.0,True,0.07046557029375121,0.01268923234616528,0.19380899725793022,0.040568871484788736,0.021753560189214108,0.06151431405832777,0.01257985952695109,0.12492568545348404,0.04226651317818575,0.019509092022769747,0.06271355217083567,0.012704164169768117,0.10196457835405803,0.04281743893477394,0.012260084220823959,0.07019834366911197,0.012571327047945812,0.12917800081761044,0.042163693670690824,0.051529300522994016,,,,,,,,,,,,
enumeration,exact_given_parsed,binary,log_burden,logistic,logit(p) = a_m + b_m log[(N/5)(L/5000)] + o_m I(query-last),1996,1996.0,True,0.40181768768432735,0.1299608043770235,0.6822670004332513,0.20191028274436193,0.031676205137770995,0.3933560171531876,0.12710756721052635,0.66387054483892,0.20767325089093888,0.041926328798587896,0.460901142304755,0.1399036276922024,0.5416781908312932,0.2425004435880083,0.05254945778296176,0.4128923341106254,0.134465237647476,0.6292881715600793,0.21809489361324363,0.04976234785476448,,,,,,,,,,,,
enumeration,within_one,binary,inverse_separable,survival_loglog,p = exp[-exp(model-specific inverse_separable surface plus query-order nuisance)],1996,1996.0,True,0.36291360557116753,0.1137015800216062,0.7436964438254892,0.17568627829390324,0.058186718700581605,0.34575141564165957,0.1089940404166435,0.7170382259719081,0.1845969035015722,0.022704925708609953,0.4033394904456885,0.12120654448927906,0.6602238119916037,0.20228188719164317,0.06529054063315141,0.4246622182711399,0.11926552400991294,0.649274424022922,0.2055153407596388,0.19737506648988187,,,,,,,,,,,,
enumeration,undercount,binary,log_burden,logistic,logit(p) = a_m + b_m log[(N/5)(L/5000)] + o_m I(query-last),1996,1996.0,True,0.2686862236520159,0.07819011124095442,0.6100767027856477,0.11772891401245748,0.04858334799800212,0.2732633284795067,0.0789272221271265,0.48692426758821405,0.1350467952794621,0.050599380029533084,0.2932932356663972,0.08123483256652524,0.45203052986947434,0.13956345978134355,0.09859154060466747,0.2758268374679809,0.0807606527137697,0.45092563750683057,0.13970409256865693,0.13191885485157426,,,,,,,,,,,,
enumeration,overcount,binary,log_burden,logistic,logit(p) = a_m + b_m log[(N/5)(L/5000)] + o_m I(query-last),1996,1996.0,True,0.3644930522388064,0.12063658830031955,0.5831307020885441,0.20815371328783666,0.049334539121768196,0.37312766450033863,0.11810692301517377,0.5647874113797378,0.21268405493494416,0.08044625148508593,0.3924710053278261,0.12133995216240508,0.5164278808752634,0.22418927571260702,0.053092288107993504,0.4017758495790095,0.1277812502398651,0.46728644057772184,0.23530496062306025,0.13450280830751038,,,,,,,,,,,,
enumeration,all_pairs_found,binary,power_separable,logistic,logit(p) = a_m + r_m log(L/5000) + s_m log(N/5) + o_m I(query-last),2400,2400.0,True,0.3864889950390225,0.12701588108448886,0.8315931694374475,0.12339638290556262,0.02539827971677278,0.37919017023171525,0.12473861918693999,0.7890876932022758,0.13809359605987473,0.022804328193838947,0.5935995504943873,0.17425806938295424,0.4495313223446171,0.22309451061846522,0.2041166254815448,0.39041088144748,0.1285664491469002,0.7559462116931346,0.14854750265245673,0.04760712305115218,,,,,,,,,,,,
enumeration,no_hallucinations,binary,intercept_only,logistic,logit(p) = a_m + o_m I(query-last),2400,2400.0,True,0.19153183697638704,0.0536631910368002,0.49513883214144905,0.08665865347665884,0.03956340793899506,0.18814108861623605,0.05250694177969865,0.47297472851346134,0.08854043943825497,0.020942012870298173,0.19503613558226582,0.05539166165867918,0.3651186542785284,0.09717895757390606,0.016032948442282632,0.1907091440171048,0.05294307026674791,0.4481152279517503,0.09060458140121411,0.06592251447018374,,,,,,,,,,,,
enumeration,no_duplicates,binary,intercept_only,logistic,logit(p) = a_m + o_m I(query-last),2400,2400.0,True,0.08782057129602307,0.018977429255585963,0.09038635732489186,0.0633223674733048,0.013002845654882725,0.09710719419124297,0.019039927558329395,0.05104176415134587,0.06467734899745888,0.054539250761560305,0.09696986851668056,0.019083330264558857,0.02028288306982473,0.0657171935951565,0.04478168237197024,0.13173003789854862,0.019517821416861043,-0.03577041093111477,0.06757101010741293,0.18171078572833627,,,,,,,,,,,,
enumeration,list_length_exact,binary,power_interaction,logistic,logit(p) = a_m + r_m log(L/5000) + s_m log(N/5) + i_m log(L/5000)log(N/5) + o_m I(query-last),2400,2400.0,True,0.383870400816156,0.12448936382946615,0.8326226769847843,0.12401554221144061,0.016054193578457995,0.38774973432948084,0.1251682461697749,0.7697267872950129,0.14546198766152343,0.018134579793640686,0.588313071866144,0.1731879862979433,0.4446635033265135,0.2258946345655398,0.17230419627171653,0.4042246527970961,0.12858371498275603,0.7332675435176076,0.1565545664850045,0.06199555559478478,,,,,,,,,,,,
enumeration,listed_total_consistent,binary,piecewise_power,logistic,logit(p) = model-specific piecewise log surface with L=5000 and N=8 knots,1996,1996.0,True,0.380092150525295,0.11524103510565724,0.7979841027166426,0.16234887137414483,0.08492859908262013,0.35206048629068465,0.11089266904034308,0.7470931049244923,0.18165059942032263,0.04605371274035396,0.4574432708467319,0.14436323631850534,0.5330070192264863,0.24683780558919888,0.020607917770835253,0.41856606508149263,0.12149002881736452,0.6734185819637487,0.20642021954603781,0.16024851445417493,,,,,,,,,,,,
enumeration,numeric_list_consistent,binary,piecewise_power,logistic,logit(p) = model-specific piecewise log surface with L=5000 and N=8 knots,1996,1996.0,True,0.380092150525295,0.11524103510565724,0.7979841027166426,0.16234887137414483,0.08492859908262013,0.35206048629068465,0.11089266904034308,0.7470931049244923,0.18165059942032263,0.04605371274035396,0.4574432708467319,0.14436323631850534,0.5330070192264863,0.24683780558919888,0.020607917770835253,0.41856606508149263,0.12149002881736452,0.6734185819637487,0.20642021954603781,0.16024851445417493,,,,,,,,,,,,
enumeration,pair_retrieval,binary,log_density,logistic,logit(p) = a_m + d_m log[(N/5)/(L/5000)] + o_m I(query-last),2400,21360.0,True,0.3268265865796344,0.0717314222040475,0.67934047216449,0.12045478033404777,0.04641859461891731,0.32101478770052255,0.06937349323276126,0.6534816906144562,0.12521750873423534,0.02290739052391879,0.3709455550529903,0.0871993533372653,0.4549457278299963,0.15704417760033787,0.029236162024069413,0.3178183660242756,0.0682215955876378,0.6408258575502465,0.12748365235966003,0.030348801387064753,,,,,,,,,,,,
enumeration,log1p_absolute_error,continuous,piecewise_power,identity,E[target] = model-specific piecewise log surface with L=5000 and N=8 knots,1996,,,,,,,,,,,,,,,,,,,,,,,1.794040671694871,1.262731247560536,0.44084972000379974,1.7516625855919887,1.243576556018581,0.46695375861374855,1.8073576387549875,1.2701407518820438,0.4325178888601737,1.816078951625595,1.2793327741074998,0.42702796261200426
enumeration,log1p_relative_error,continuous,piecewise_power,identity,E[target] = model-specific piecewise log surface with L=5000 and N=8 knots,1996,,,,,,,,,,,,,,,,,,,,,,,1.2908364413467077,0.8714641373056228,0.41381363846773345,1.2625671635877265,0.857722821230883,0.4392074244562264,1.2887959319484839,0.8707104110247001,0.4156654197624503,1.328475528575262,0.9020965274439876,0.37913040450417634
enumeration,signed_relative_error,continuous,intercept_only,identity,E[target] = a_m + o_m I(query-last),1996,,,,,,,,,,,,,,,,,,,,,,,26.800203513670322,15.321560431204237,0.23298691543670547,26.38620682389906,15.023513664768421,0.2565007867599982,26.691544926843942,15.25573496352942,0.23919385382927694,26.83777699530917,15.381663656407637,0.23083472624279733
enumeration,asinh_signed_error,continuous,piecewise_power,identity,E[target] = model-specific piecewise log surface with L=5000 and N=8 knots,1996,,,,,,,,,,,,,,,,,,,,,,,2.2307226650655028,1.5652567176787147,0.3909514969551706,2.1767424204741648,1.5409934350146453,0.4200710328533689,2.2303086472469764,1.561545081788883,0.39117755242735996,2.249491434200287,1.5883914489949487,0.3806596035139993
enumeration,signed_log_count_ratio,continuous,piecewise_power,identity,E[target] = model-specific piecewise log surface with L=5000 and N=8 knots,1996,,,,,,,,,,,,,,,,,,,,,,,1.2966892998767083,0.8770477965328567,0.3964836736234242,1.2667784679033547,0.8627852740209562,0.42400526378262415,1.2927872036648993,0.8771503434727785,0.40011050293464445,1.3251454298784813,0.9035413855745723,0.36970442932641445
enumeration,log1p_output_tokens,continuous,root_separable,identity,E[target] = model-specific root_separable surface plus query-order nuisance,2400,,,,,,,,,,,,,,,,,,,,,,,0.513139938330124,0.261351666802182,0.707995940034851,0.5126790127849323,0.2635735719057578,0.7085202869901868,0.5519009198525223,0.28916818549675793,0.6622156763948204,0.5379419787455794,0.29398572233752834,0.6790863968055911
enumeration,missing_fraction,continuous,exponential_separable,identity,E[target] = model-specific exponential_separable surface plus query-order nuisance,2400,,,,,,,,,,,,,,,,,,,,,,,0.2839414534938194,0.18102559843333463,0.31898069530971906,0.27984777490788537,0.17799995507338104,0.33847610363935043,0.32700071505810735,0.2162575879475594,0.09676818762544726,0.2814572851053866,0.17937465059765106,0.33084487421143005
enumeration,log1p_hallucination_rate,continuous,intercept_only,identity,E[target] = a_m + o_m I(query-last),2400,,,,,,,,,,,,,,,,,,,,,,,0.2537819542409347,0.07467346691138754,0.09104678228607843,0.25452246259108624,0.07424728445926657,0.08573458861264582,0.2602858751614211,0.07602572531333104,0.04386050285131715,0.2563523886010702,0.07487581867347187,0.0725408428534734
enumeration,log1p_duplicate_rate,continuous,intercept_only,identity,E[target] = a_m + o_m I(query-last),2400,,,,,,,,,,,,,,,,,,,,,,,0.3709673600048005,0.06973317214343794,0.019734195652299613,0.3733413882551216,0.07002137607096923,0.007147507845686185,0.3722775041198598,0.06991185480418084,0.012797966356847046,0.3795272219177177,0.07109775095421582,-0.026025884255191256
enumeration,listed_record_ratio,continuous,intercept_only,identity,E[target] = a_m + o_m I(query-last),2400,,,,,,,,,,,,,,,,,,,,,,,10.907483457088622,1.6626206532641665,0.024397887343706293,10.997256546488494,1.690052243196894,0.008272584494610102,10.94342470188032,1.6899263784397343,0.01795788222994832,11.204860799965012,1.7240399984238972,-0.02952414714468965
enumeration,pair_recall_continuous,continuous,exponential_separable,identity,E[target] = model-specific exponential_separable surface plus query-order nuisance,2400,,,,,,,,,,,,,,,,,,,,,,,0.2839414534938256,0.18102560012856442,0.3189806953096892,0.27984777491287555,0.17799995667720905,0.3384761036157582,0.32700073982544264,0.21625763475349236,0.0967680508022235,0.2814572852996033,0.1793746510913891,0.3308448732879431
native_thinking,exact_correct,binary,root_separable,logistic,logit(p) = model-specific root_separable surface plus query-order nuisance,1500,1500.0,True,0.32875923664571344,0.09369896672216159,0.8906973182179909,0.08936221434154318,0.06568537532173324,0.2965371211245116,0.08782623676397582,0.8566991739515627,0.1023205485806385,0.036612477029729806,0.8847929454102841,0.17007514583466243,-0.22276359179865723,0.29888888331004326,0.8559024452294608,0.2954056517747716,0.08852983180422921,0.8471202144314454,0.10568504713093162,0.08076572777532363,,,,,,,,,,,,
native_thinking,parse_success,binary,log_burden,survival_loglog,p = exp[-exp(a_m + b_m log[(N/5)(L/5000)] + o_m I(query-last))],1500,1500.0,True,0.1710547651515584,0.04429714758298572,0.8205684388629086,0.08325839035538175,0.08594672303094743,0.14782131288865144,0.04089640749838072,0.8023290042631116,0.08738765138656171,0.02842560316979756,0.2096094094489875,0.05058471459915286,0.5690778951434701,0.1290262213532135,0.10150636093022886,0.15078037762536636,0.041183314723171466,0.7934296996080389,0.08933312634620506,0.05284949654512866,,,,,,,,,,,,
native_thinking,truncated,binary,log_burden,logistic,logit(p) = a_m + b_m log[(N/5)(L/5000)] + o_m I(query-last),1500,1500.0,True,0.17205157057622875,0.044244559680757474,0.8237541778577747,0.08251596975102132,0.08889605147691972,0.14710731062628005,0.04083184604739977,0.8038580983995673,0.08704899936808519,0.027153597636637616,0.20644484255427592,0.049375068353629425,0.6033899860094143,0.12378283646256845,0.10192532661843706,0.14938523992669625,0.041100770500060745,0.7964399861896119,0.08867982519016043,0.05081979530360988,,,,,,,,,,,,
native_thinking,exact_given_parsed,binary,log_burden,survival_loglog,p = exp[-exp(a_m + b_m log[(N/5)(L/5000)] + o_m I(query-last))],1376,1376.0,True,0.2831812429832796,0.07119222511998775,0.6922981916185886,0.12388073155988136,0.07403058753567965,0.2486591105118981,0.06994294068385905,0.6674470597940579,0.12878614188492488,0.031971559422250065,0.4232157884904131,0.08299962579174336,0.43466453794713533,0.16791591150255325,0.1930766126948588,0.25358348495557453,0.07206690120795463,0.6243762696314292,0.13687219995255895,0.08703584885780015,,,,,,,,,,,,
native_thinking,within_one,binary,log_density,logistic,logit(p) = a_m + d_m log[(N/5)/(L/5000)] + o_m I(query-last),1376,1376.0,True,0.16769090231679226,0.04080689827367253,0.7003455843586641,0.10264687048531851,0.044569256775035454,0.1863397573444637,0.04216971831032961,0.6398161128381881,0.11253756462907237,0.11783433370690022,0.25907372802130135,0.05736990489170957,0.2659180540968308,0.16065995602331376,0.09469849370388117,0.17066151975793142,0.04244067639281864,0.6337152458443123,0.11348665446818494,0.09669958160272195,,,,,,,,,,,,
native_thinking,undercount,binary,inverse_separable,logistic,logit(p) = model-specific inverse_separable surface plus query-order nuisance,1376,1376.0,True,0.19978957767282052,0.04884917708390637,0.9099704403728202,0.06551670615308876,0.10571872556334748,0.17211691991079267,0.04775038668550858,0.8614185667160149,0.08128530069398186,0.041249466705535226,1.5453641461494945,0.12154447993231232,-1.1437274247507583,0.3197012057629509,2.0390092407576015,0.17062036688243365,0.047439085642647136,0.8685329630784977,0.0791713279733645,0.12931605277276323,,,,,,,,,,,,
native_thinking,overcount,binary,intercept_only,logistic,logit(p) = a_m + o_m I(query-last),1376,1376.0,True,0.12520046951982614,0.019228577384362885,0.050442785365131027,0.05203326968319511,0.0636525106286938,0.11143925160010545,0.019028371861909962,-0.0023051149782209457,0.05345896194906351,0.029192734459652255,0.1589772401510524,0.020263223286065588,-0.26827109894392875,0.06013490042124621,0.11863265472866978,0.11455905449299048,0.01924203697362444,-0.033697119741408654,0.05428966993098781,0.08540476816941396,,,,,,,,,,,,
native_thinking,log1p_absolute_error,continuous,logL_rawN,identity,E[target] = model-specific logL_rawN surface plus query-order nuisance,1376,,,,,,,,,,,,,,,,,,,,,,,0.29689095348270994,0.15032791636590812,0.5615364142385377,0.2909641218909174,0.14627723533154316,0.5788677669819304,0.3015588218384661,0.1660345899796415,0.5476405388795982,0.2950629230580977,0.15003950301710278,0.5669192470474272
native_thinking,log1p_relative_error,continuous,intercept_only,identity,E[target] = a_m + o_m I(query-last),1376,,,,,,,,,,,,,,,,,,,,,,,0.10457303356410642,0.04183546278158876,0.06954481072595264,0.10399101977194485,0.04128616323690095,0.07987310929395652,0.10655923146652121,0.04334862468183187,0.03386412643585812,0.10465599452718302,0.04178463753687944,0.06806790840928523
native_thinking,signed_relative_error,continuous,intercept_only,identity,E[target] = a_m + o_m I(query-last),1376,,,,,,,,,,,,,,,,,,,,,,,0.18002331860046186,0.050604611534591455,-0.00032238407679230363,0.17936109164644418,0.049472785382630564,0.007023575729199649,0.18255316612579947,0.052262097533334,-0.02863476816414834,0.18080777572961593,0.05035319099107523,-0.00905924917572154
native_thinking,asinh_signed_error,continuous,exponential_separable,identity,E[target] = model-specific exponential_separable surface plus query-order nuisance,1376,,,,,,,,,,,,,,,,,,,,,,,0.4183580077920716,0.18015113297987073,0.4991936055149071,0.4118543632581208,0.1753401060351896,0.5146432926732181,0.4154551531080548,0.19003485943720716,0.5061193702467306,0.41563845195812077,0.17878172256260513,0.5056834737546438
native_thinking,signed_log_count_ratio,continuous,log_density,identity,E[target] = a_m + d_m log[(N/5)/(L/5000)] + o_m I(query-last),1376,,,,,,,,,,,,,,,,,,,,,,,0.10092680214753383,0.03919184130364898,0.1613707469299378,0.09910510641086667,0.037971124698378246,0.1913714962577493,0.102197052754037,0.04102163302710316,0.14012816399255112,0.09930163541335695,0.0378760831995488,0.1881612373720808
native_thinking,log1p_output_tokens,continuous,logL_rawN,identity,E[target] = model-specific logL_rawN surface plus query-order nuisance,1500,,,,,,,,,,,,,,,,,,,,,,,0.48517781039565183,0.330107228114734,0.653864399652256,0.4583910562386703,0.3155603686830579,0.6910297390665672,0.4888418286132693,0.34786134273683955,0.6486166906223528,0.47029576332419704,0.3274292883294146,0.6747730385673657
