model_label,bank_size,request_id,seed,gold_count,clean_prediction,clean_exact_count,prompt_ablation_prediction,prompt_ablation_exact_count,prompt_ablation_random_exact_rate,prompt_ablation_correct_to_wrong_specificity,prompt_ablation_absolute_count_shift_specificity,trace_ablation_prediction,trace_ablation_exact_count,trace_ablation_random_exact_rate,trace_ablation_correct_to_wrong_specificity,trace_ablation_absolute_count_shift_specificity,joint_ablation_prediction,joint_ablation_exact_count,joint_ablation_random_exact_rate,joint_ablation_correct_to_wrong_specificity,joint_ablation_absolute_count_shift_specificity
Gemma4-E4B,2,Gemma4-E4B/native_thinking/v5/V4_4_T10000_N10_seed10007,10007,10,10,True,10,True,1.0,0.0,0.0,10,True,1.0,0.0,0.0,10,True,1.0,0.0,0.0
Gemma4-E4B,2,Gemma4-E4B/native_thinking/v5/V4_4_T10000_N10_seed10016,10016,10,10,True,10,True,1.0,0.0,0.0,10,True,1.0,0.0,0.0,10,True,1.0,0.0,0.0
Gemma4-E4B,2,Gemma4-E4B/native_thinking/v5/V4_4_T10000_N10_seed10022,10022,10,10,True,10,True,1.0,0.0,0.0,10,True,1.0,0.0,0.0,10,True,1.0,0.0,0.0
Gemma4-E4B,2,Gemma4-E4B/native_thinking/v5/V4_4_T10000_N10_seed10025,10025,10,10,True,10,True,1.0,0.0,0.0,10,True,1.0,0.0,0.0,10,True,1.0,0.0,0.0
Gemma4-E4B,2,Gemma4-E4B/native_thinking/v5/V4_4_T10000_N10_seed1255,1255,10,10,True,10,True,1.0,0.0,0.0,10,True,1.0,0.0,0.0,10,True,1.0,0.0,0.0
Gemma4-E4B,2,Gemma4-E4B/native_thinking/v5/V4_4_T10000_N10_seed1260,1260,10,10,True,10,True,1.0,0.0,0.0,10,True,1.0,0.0,0.0,10,True,1.0,0.0,0.0
Gemma4-E4B,2,Gemma4-E4B/native_thinking/v5/V4_4_T10000_N10_seed1261,1261,10,10,True,10,True,1.0,0.0,0.0,10,True,1.0,0.0,0.0,10,True,1.0,0.0,0.0
Gemma4-E4B,2,Gemma4-E4B/native_thinking/v5/V4_4_T10000_N10_seed1271,1271,10,10,True,10,True,1.0,0.0,0.0,10,True,1.0,0.0,0.0,10,True,1.0,0.0,0.0
Gemma4-E4B,2,Gemma4-E4B/native_thinking/v5/V4_4_T10000_N10_seed1274,1274,10,10,True,10,True,1.0,0.0,0.0,10,True,1.0,0.0,0.0,10,True,1.0,0.0,0.0
Gemma4-E4B,2,Gemma4-E4B/native_thinking/v5/V4_4_T10000_N10_seed1283,1283,10,10,True,10,True,1.0,0.0,0.0,10,True,1.0,0.0,0.0,10,True,1.0,0.0,0.0
Gemma4-E4B,2,Gemma4-E4B/native_thinking/v5/V4_4_T10000_N10_seed1289,1289,10,10,True,10,True,1.0,0.0,0.0,10,True,1.0,0.0,0.0,10,True,1.0,0.0,0.0
Gemma4-E4B,2,Gemma4-E4B/native_thinking/v5/V4_4_T10000_N10_seed1298,1298,10,10,True,10,True,1.0,0.0,0.0,10,True,1.0,0.0,0.0,10,True,1.0,0.0,0.0
Gemma4-E4B,2,Gemma4-E4B/native_thinking/v5/V4_4_T10000_N10_seed1325,1325,10,10,True,10,True,1.0,0.0,0.0,10,True,1.0,0.0,0.0,10,True,1.0,0.0,0.0
Gemma4-E4B,2,Gemma4-E4B/native_thinking/v5/V4_4_T10000_N10_seed1352,1352,10,10,True,10,True,1.0,0.0,0.0,10,True,1.0,0.0,0.0,10,True,1.0,0.0,0.0
Gemma4-E4B,2,Gemma4-E4B/native_thinking/v5/V4_4_T10000_N1_seed1254,1254,1,1,True,1,True,1.0,0.0,0.0,1,True,1.0,0.0,0.0,1,True,1.0,0.0,0.0
Gemma4-E4B,2,Gemma4-E4B/native_thinking/v5/V4_4_T10000_N1_seed1256,1256,1,1,True,1,True,1.0,0.0,0.0,1,True,1.0,0.0,0.0,1,True,1.0,0.0,0.0
Gemma4-E4B,2,Gemma4-E4B/native_thinking/v5/V4_4_T10000_N1_seed1261,1261,1,1,True,1,True,1.0,0.0,0.0,1,True,1.0,0.0,0.0,1,True,1.0,0.0,0.0
Gemma4-E4B,2,Gemma4-E4B/native_thinking/v5/V4_4_T10000_N2_seed1254,1254,2,2,True,2,True,1.0,0.0,0.0,2,True,1.0,0.0,0.0,2,True,1.0,0.0,0.0
Gemma4-E4B,2,Gemma4-E4B/native_thinking/v5/V4_4_T10000_N2_seed1256,1256,2,2,True,2,True,1.0,0.0,0.0,2,True,1.0,0.0,0.0,2,True,1.0,0.0,0.0
Gemma4-E4B,2,Gemma4-E4B/native_thinking/v5/V4_4_T10000_N2_seed1257,1257,2,2,True,2,True,1.0,0.0,0.0,2,True,1.0,0.0,0.0,2,True,1.0,0.0,0.0
Gemma4-E4B,2,Gemma4-E4B/native_thinking/v5/V4_4_T10000_N2_seed1258,1258,2,2,True,2,True,1.0,0.0,0.0,2,True,1.0,0.0,0.0,2,True,1.0,0.0,0.0
Gemma4-E4B,2,Gemma4-E4B/native_thinking/v5/V4_4_T10000_N2_seed1259,1259,2,2,True,2,True,1.0,0.0,0.0,2,True,1.0,0.0,0.0,2,True,1.0,0.0,0.0
Gemma4-E4B,2,Gemma4-E4B/native_thinking/v5/V4_4_T10000_N2_seed1260,1260,2,2,True,2,True,1.0,0.0,0.0,2,True,1.0,0.0,0.0,2,True,1.0,0.0,0.0
Gemma4-E4B,2,Gemma4-E4B/native_thinking/v5/V4_4_T10000_N2_seed1261,1261,2,2,True,2,True,1.0,0.0,0.0,2,True,1.0,0.0,0.0,2,True,1.0,0.0,0.0
Gemma4-E4B,2,Gemma4-E4B/native_thinking/v5/V4_4_T10000_N2_seed1262,1262,2,2,True,2,True,1.0,0.0,0.0,2,True,1.0,0.0,0.0,2,True,1.0,0.0,0.0
Gemma4-E4B,2,Gemma4-E4B/native_thinking/v5/V4_4_T10000_N2_seed1263,1263,2,2,True,2,True,1.0,0.0,0.0,2,True,1.0,0.0,0.0,2,True,1.0,0.0,0.0
Gemma4-E4B,2,Gemma4-E4B/native_thinking/v5/V4_4_T10000_N3_seed1254,1254,3,3,True,3,True,1.0,0.0,0.0,3,True,1.0,0.0,0.0,3,True,1.0,0.0,0.0
Gemma4-E4B,2,Gemma4-E4B/native_thinking/v5/V4_4_T10000_N3_seed1255,1255,3,3,True,3,True,1.0,0.0,0.0,3,True,1.0,0.0,0.0,3,True,1.0,0.0,0.0
Gemma4-E4B,2,Gemma4-E4B/native_thinking/v5/V4_4_T10000_N3_seed1258,1258,3,3,True,3,True,1.0,0.0,0.0,3,True,1.0,0.0,0.0,3,True,1.0,0.0,0.0
Gemma4-E4B,2,Gemma4-E4B/native_thinking/v5/V4_4_T10000_N3_seed1259,1259,3,3,True,3,True,1.0,0.0,0.0,3,True,1.0,0.0,0.0,3,True,1.0,0.0,0.0
Gemma4-E4B,2,Gemma4-E4B/native_thinking/v5/V4_4_T10000_N3_seed1261,1261,3,3,True,3,True,1.0,0.0,0.0,3,True,1.0,0.0,0.0,3,True,1.0,0.0,0.0
Gemma4-E4B,2,Gemma4-E4B/native_thinking/v5/V4_4_T10000_N3_seed1262,1262,3,3,True,3,True,1.0,0.0,0.0,3,True,1.0,0.0,0.0,3,True,1.0,0.0,0.0
Gemma4-E4B,2,Gemma4-E4B/native_thinking/v5/V4_4_T10000_N3_seed1263,1263,3,3,True,3,True,1.0,0.0,0.0,3,True,1.0,0.0,0.0,3,True,1.0,0.0,0.0
Gemma4-E4B,2,Gemma4-E4B/native_thinking/v5/V4_4_T10000_N4_seed1254,1254,4,4,True,4,True,1.0,0.0,0.0,4,True,1.0,0.0,0.0,4,True,1.0,0.0,0.0
Gemma4-E4B,2,Gemma4-E4B/native_thinking/v5/V4_4_T10000_N4_seed1255,1255,4,4,True,4,True,1.0,0.0,0.0,4,True,1.0,0.0,0.0,4,True,1.0,0.0,0.0
Gemma4-E4B,2,Gemma4-E4B/native_thinking/v5/V4_4_T10000_N4_seed1258,1258,4,4,True,4,True,1.0,0.0,0.0,4,True,1.0,0.0,0.0,4,True,1.0,0.0,0.0
Gemma4-E4B,2,Gemma4-E4B/native_thinking/v5/V4_4_T10000_N4_seed1261,1261,4,4,True,4,True,1.0,0.0,0.0,4,True,1.0,0.0,0.0,4,True,1.0,0.0,0.0
Gemma4-E4B,2,Gemma4-E4B/native_thinking/v5/V4_4_T10000_N5_seed1254,1254,5,5,True,5,True,1.0,0.0,0.0,5,True,1.0,0.0,0.0,5,True,1.0,0.0,0.0
Gemma4-E4B,2,Gemma4-E4B/native_thinking/v5/V4_4_T10000_N5_seed1255,1255,5,5,True,5,True,1.0,0.0,0.0,5,True,1.0,0.0,0.0,5,True,1.0,0.0,0.0
Gemma4-E4B,2,Gemma4-E4B/native_thinking/v5/V4_4_T10000_N5_seed1260,1260,5,5,True,5,True,1.0,0.0,0.0,5,True,1.0,0.0,0.0,5,True,1.0,0.0,0.0
Gemma4-E4B,2,Gemma4-E4B/native_thinking/v5/V4_4_T10000_N5_seed1261,1261,5,5,True,5,True,1.0,0.0,0.0,5,True,1.0,0.0,0.0,5,True,1.0,0.0,0.0
Gemma4-E4B,2,Gemma4-E4B/native_thinking/v5/V4_4_T10000_N6_seed1254,1254,6,6,True,6,True,1.0,0.0,0.0,6,True,1.0,0.0,0.0,6,True,1.0,0.0,0.0
Gemma4-E4B,2,Gemma4-E4B/native_thinking/v5/V4_4_T10000_N6_seed1255,1255,6,6,True,6,True,1.0,0.0,0.0,6,True,1.0,0.0,0.0,6,True,1.0,0.0,0.0
Gemma4-E4B,2,Gemma4-E4B/native_thinking/v5/V4_4_T10000_N6_seed1263,1263,6,6,True,6,True,1.0,0.0,0.0,6,True,1.0,0.0,0.0,6,True,1.0,0.0,0.0
Gemma4-E4B,2,Gemma4-E4B/native_thinking/v5/V4_4_T10000_N7_seed1254,1254,7,7,True,7,True,1.0,0.0,0.0,7,True,1.0,0.0,0.0,7,True,1.0,0.0,0.0
Gemma4-E4B,2,Gemma4-E4B/native_thinking/v5/V4_4_T10000_N7_seed1255,1255,7,7,True,7,True,1.0,0.0,0.0,7,True,1.0,0.0,0.0,7,True,1.0,0.0,0.0
Gemma4-E4B,2,Gemma4-E4B/native_thinking/v5/V4_4_T10000_N7_seed1259,1259,7,7,True,7,True,1.0,0.0,0.0,7,True,1.0,0.0,0.0,7,True,1.0,0.0,0.0
Gemma4-E4B,2,Gemma4-E4B/native_thinking/v5/V4_4_T10000_N7_seed1263,1263,7,7,True,7,True,1.0,0.0,0.0,7,True,1.0,0.0,0.0,7,True,1.0,0.0,0.0
Gemma4-E4B,2,Gemma4-E4B/native_thinking/v5/V4_4_T10000_N8_seed1254,1254,8,8,True,8,True,1.0,0.0,0.0,8,True,1.0,0.0,0.0,8,True,1.0,0.0,0.0
Gemma4-E4B,2,Gemma4-E4B/native_thinking/v5/V4_4_T10000_N8_seed1255,1255,8,8,True,8,True,1.0,0.0,0.0,8,True,1.0,0.0,0.0,8,True,1.0,0.0,0.0
Gemma4-E4B,2,Gemma4-E4B/native_thinking/v5/V4_4_T10000_N8_seed1261,1261,8,8,True,8,True,1.0,0.0,0.0,8,True,1.0,0.0,0.0,8,True,1.0,0.0,0.0
Gemma4-E4B,2,Gemma4-E4B/native_thinking/v5/V4_4_T10000_N9_seed1259,1259,9,9,True,9,True,1.0,0.0,0.0,9,True,1.0,0.0,0.0,9,True,1.0,0.0,0.0
Gemma4-E4B,2,Gemma4-E4B/native_thinking/v5/V4_4_T10000_N9_seed1260,1260,9,9,True,9,True,1.0,0.0,0.0,9,True,1.0,0.0,0.0,9,True,1.0,0.0,0.0
Gemma4-E4B,4,Gemma4-E4B/native_thinking/v5/V4_4_T10000_N10_seed10007,10007,10,10,True,10,True,1.0,0.0,0.0,10,True,1.0,0.0,0.0,10,True,1.0,0.0,0.0
Gemma4-E4B,4,Gemma4-E4B/native_thinking/v5/V4_4_T10000_N10_seed10016,10016,10,10,True,10,True,1.0,0.0,0.0,10,True,1.0,0.0,0.0,10,True,1.0,0.0,0.0
Gemma4-E4B,4,Gemma4-E4B/native_thinking/v5/V4_4_T10000_N10_seed10022,10022,10,10,True,10,True,1.0,0.0,0.0,10,True,1.0,0.0,0.0,10,True,1.0,0.0,0.0
Gemma4-E4B,4,Gemma4-E4B/native_thinking/v5/V4_4_T10000_N10_seed10025,10025,10,10,True,10,True,1.0,0.0,0.0,10,True,1.0,0.0,0.0,10,True,1.0,0.0,0.0
Gemma4-E4B,4,Gemma4-E4B/native_thinking/v5/V4_4_T10000_N10_seed1255,1255,10,10,True,10,True,1.0,0.0,0.0,10,True,1.0,0.0,0.0,10,True,1.0,0.0,0.0
Gemma4-E4B,4,Gemma4-E4B/native_thinking/v5/V4_4_T10000_N10_seed1260,1260,10,10,True,10,True,1.0,0.0,0.0,10,True,1.0,0.0,0.0,10,True,1.0,0.0,0.0
Gemma4-E4B,4,Gemma4-E4B/native_thinking/v5/V4_4_T10000_N10_seed1261,1261,10,10,True,10,True,1.0,0.0,0.0,10,True,1.0,0.0,0.0,10,True,1.0,0.0,0.0
Gemma4-E4B,4,Gemma4-E4B/native_thinking/v5/V4_4_T10000_N10_seed1271,1271,10,10,True,10,True,1.0,0.0,0.0,10,True,1.0,0.0,0.0,10,True,1.0,0.0,0.0
Gemma4-E4B,4,Gemma4-E4B/native_thinking/v5/V4_4_T10000_N10_seed1274,1274,10,10,True,10,True,1.0,0.0,0.0,10,True,1.0,0.0,0.0,10,True,1.0,0.0,0.0
Gemma4-E4B,4,Gemma4-E4B/native_thinking/v5/V4_4_T10000_N10_seed1283,1283,10,10,True,10,True,1.0,0.0,0.0,10,True,1.0,0.0,0.0,10,True,1.0,0.0,0.0
Gemma4-E4B,4,Gemma4-E4B/native_thinking/v5/V4_4_T10000_N10_seed1289,1289,10,10,True,10,True,1.0,0.0,0.0,10,True,1.0,0.0,0.0,10,True,1.0,0.0,0.0
Gemma4-E4B,4,Gemma4-E4B/native_thinking/v5/V4_4_T10000_N10_seed1298,1298,10,10,True,10,True,1.0,0.0,0.0,10,True,1.0,0.0,0.0,10,True,1.0,0.0,0.0
Gemma4-E4B,4,Gemma4-E4B/native_thinking/v5/V4_4_T10000_N10_seed1325,1325,10,10,True,10,True,1.0,0.0,0.0,10,True,1.0,0.0,0.0,10,True,1.0,0.0,0.0
Gemma4-E4B,4,Gemma4-E4B/native_thinking/v5/V4_4_T10000_N10_seed1352,1352,10,10,True,10,True,1.0,0.0,0.0,10,True,1.0,0.0,0.0,10,True,1.0,0.0,0.0
Gemma4-E4B,4,Gemma4-E4B/native_thinking/v5/V4_4_T10000_N1_seed1254,1254,1,1,True,1,True,1.0,0.0,0.0,1,True,1.0,0.0,0.0,1,True,1.0,0.0,0.0
Gemma4-E4B,4,Gemma4-E4B/native_thinking/v5/V4_4_T10000_N1_seed1256,1256,1,1,True,1,True,1.0,0.0,0.0,1,True,1.0,0.0,0.0,1,True,1.0,0.0,0.0
Gemma4-E4B,4,Gemma4-E4B/native_thinking/v5/V4_4_T10000_N1_seed1261,1261,1,1,True,1,True,1.0,0.0,0.0,1,True,1.0,0.0,0.0,1,True,1.0,0.0,0.0
Gemma4-E4B,4,Gemma4-E4B/native_thinking/v5/V4_4_T10000_N2_seed1254,1254,2,2,True,2,True,1.0,0.0,0.0,2,True,1.0,0.0,0.0,2,True,1.0,0.0,0.0
Gemma4-E4B,4,Gemma4-E4B/native_thinking/v5/V4_4_T10000_N2_seed1256,1256,2,2,True,2,True,1.0,0.0,0.0,2,True,1.0,0.0,0.0,2,True,1.0,0.0,0.0
Gemma4-E4B,4,Gemma4-E4B/native_thinking/v5/V4_4_T10000_N2_seed1257,1257,2,2,True,2,True,1.0,0.0,0.0,2,True,1.0,0.0,0.0,2,True,1.0,0.0,0.0
Gemma4-E4B,4,Gemma4-E4B/native_thinking/v5/V4_4_T10000_N2_seed1258,1258,2,2,True,2,True,1.0,0.0,0.0,2,True,1.0,0.0,0.0,2,True,1.0,0.0,0.0
Gemma4-E4B,4,Gemma4-E4B/native_thinking/v5/V4_4_T10000_N2_seed1259,1259,2,2,True,2,True,1.0,0.0,0.0,2,True,1.0,0.0,0.0,2,True,1.0,0.0,0.0
Gemma4-E4B,4,Gemma4-E4B/native_thinking/v5/V4_4_T10000_N2_seed1260,1260,2,2,True,2,True,1.0,0.0,0.0,2,True,1.0,0.0,0.0,2,True,1.0,0.0,0.0
Gemma4-E4B,4,Gemma4-E4B/native_thinking/v5/V4_4_T10000_N2_seed1261,1261,2,2,True,2,True,1.0,0.0,0.0,2,True,1.0,0.0,0.0,2,True,1.0,0.0,0.0
Gemma4-E4B,4,Gemma4-E4B/native_thinking/v5/V4_4_T10000_N2_seed1262,1262,2,2,True,2,True,1.0,0.0,0.0,2,True,1.0,0.0,0.0,2,True,1.0,0.0,0.0
Gemma4-E4B,4,Gemma4-E4B/native_thinking/v5/V4_4_T10000_N2_seed1263,1263,2,2,True,2,True,1.0,0.0,0.0,2,True,1.0,0.0,0.0,2,True,1.0,0.0,0.0
Gemma4-E4B,4,Gemma4-E4B/native_thinking/v5/V4_4_T10000_N3_seed1254,1254,3,3,True,3,True,1.0,0.0,0.0,3,True,1.0,0.0,0.0,3,True,1.0,0.0,0.0
Gemma4-E4B,4,Gemma4-E4B/native_thinking/v5/V4_4_T10000_N3_seed1255,1255,3,3,True,3,True,1.0,0.0,0.0,3,True,1.0,0.0,0.0,3,True,1.0,0.0,0.0
Gemma4-E4B,4,Gemma4-E4B/native_thinking/v5/V4_4_T10000_N3_seed1258,1258,3,3,True,3,True,1.0,0.0,0.0,3,True,1.0,0.0,0.0,3,True,1.0,0.0,0.0
Gemma4-E4B,4,Gemma4-E4B/native_thinking/v5/V4_4_T10000_N3_seed1259,1259,3,3,True,3,True,1.0,0.0,0.0,3,True,1.0,0.0,0.0,3,True,1.0,0.0,0.0
Gemma4-E4B,4,Gemma4-E4B/native_thinking/v5/V4_4_T10000_N3_seed1261,1261,3,3,True,3,True,1.0,0.0,0.0,3,True,1.0,0.0,0.0,3,True,1.0,0.0,0.0
Gemma4-E4B,4,Gemma4-E4B/native_thinking/v5/V4_4_T10000_N3_seed1262,1262,3,3,True,3,True,1.0,0.0,0.0,3,True,1.0,0.0,0.0,3,True,1.0,0.0,0.0
Gemma4-E4B,4,Gemma4-E4B/native_thinking/v5/V4_4_T10000_N3_seed1263,1263,3,3,True,3,True,1.0,0.0,0.0,3,True,1.0,0.0,0.0,3,True,1.0,0.0,0.0
Gemma4-E4B,4,Gemma4-E4B/native_thinking/v5/V4_4_T10000_N4_seed1254,1254,4,4,True,4,True,1.0,0.0,0.0,4,True,1.0,0.0,0.0,4,True,1.0,0.0,0.0
Gemma4-E4B,4,Gemma4-E4B/native_thinking/v5/V4_4_T10000_N4_seed1255,1255,4,4,True,4,True,1.0,0.0,0.0,4,True,1.0,0.0,0.0,4,True,1.0,0.0,0.0
Gemma4-E4B,4,Gemma4-E4B/native_thinking/v5/V4_4_T10000_N4_seed1258,1258,4,4,True,4,True,1.0,0.0,0.0,4,True,1.0,0.0,0.0,4,True,1.0,0.0,0.0
Gemma4-E4B,4,Gemma4-E4B/native_thinking/v5/V4_4_T10000_N4_seed1261,1261,4,4,True,4,True,1.0,0.0,0.0,4,True,1.0,0.0,0.0,4,True,1.0,0.0,0.0
Gemma4-E4B,4,Gemma4-E4B/native_thinking/v5/V4_4_T10000_N5_seed1254,1254,5,5,True,5,True,1.0,0.0,0.0,5,True,1.0,0.0,0.0,5,True,1.0,0.0,0.0
Gemma4-E4B,4,Gemma4-E4B/native_thinking/v5/V4_4_T10000_N5_seed1255,1255,5,5,True,5,True,1.0,0.0,0.0,5,True,1.0,0.0,0.0,5,True,1.0,0.0,0.0
Gemma4-E4B,4,Gemma4-E4B/native_thinking/v5/V4_4_T10000_N5_seed1260,1260,5,5,True,5,True,1.0,0.0,0.0,5,True,1.0,0.0,0.0,5,True,1.0,0.0,0.0
Gemma4-E4B,4,Gemma4-E4B/native_thinking/v5/V4_4_T10000_N5_seed1261,1261,5,5,True,5,True,1.0,0.0,0.0,5,True,1.0,0.0,0.0,5,True,1.0,0.0,0.0
Gemma4-E4B,4,Gemma4-E4B/native_thinking/v5/V4_4_T10000_N6_seed1254,1254,6,6,True,6,True,1.0,0.0,0.0,6,True,1.0,0.0,0.0,6,True,1.0,0.0,0.0
Gemma4-E4B,4,Gemma4-E4B/native_thinking/v5/V4_4_T10000_N6_seed1255,1255,6,6,True,6,True,1.0,0.0,0.0,6,True,1.0,0.0,0.0,6,True,1.0,0.0,0.0
Gemma4-E4B,4,Gemma4-E4B/native_thinking/v5/V4_4_T10000_N6_seed1263,1263,6,6,True,6,True,1.0,0.0,0.0,6,True,1.0,0.0,0.0,6,True,1.0,0.0,0.0
Gemma4-E4B,4,Gemma4-E4B/native_thinking/v5/V4_4_T10000_N7_seed1254,1254,7,7,True,7,True,1.0,0.0,0.0,7,True,1.0,0.0,0.0,7,True,1.0,0.0,0.0
Gemma4-E4B,4,Gemma4-E4B/native_thinking/v5/V4_4_T10000_N7_seed1255,1255,7,7,True,7,True,1.0,0.0,0.0,7,True,1.0,0.0,0.0,7,True,1.0,0.0,0.0
Gemma4-E4B,4,Gemma4-E4B/native_thinking/v5/V4_4_T10000_N7_seed1259,1259,7,7,True,7,True,1.0,0.0,0.0,7,True,1.0,0.0,0.0,7,True,1.0,0.0,0.0
Gemma4-E4B,4,Gemma4-E4B/native_thinking/v5/V4_4_T10000_N7_seed1263,1263,7,7,True,7,True,1.0,0.0,0.0,7,True,1.0,0.0,0.0,7,True,1.0,0.0,0.0
Gemma4-E4B,4,Gemma4-E4B/native_thinking/v5/V4_4_T10000_N8_seed1254,1254,8,8,True,8,True,1.0,0.0,0.0,8,True,1.0,0.0,0.0,8,True,1.0,0.0,0.0
Gemma4-E4B,4,Gemma4-E4B/native_thinking/v5/V4_4_T10000_N8_seed1255,1255,8,8,True,8,True,1.0,0.0,0.0,8,True,1.0,0.0,0.0,8,True,1.0,0.0,0.0
Gemma4-E4B,4,Gemma4-E4B/native_thinking/v5/V4_4_T10000_N8_seed1261,1261,8,8,True,8,True,1.0,0.0,0.0,8,True,1.0,0.0,0.0,8,True,1.0,0.0,0.0
Gemma4-E4B,4,Gemma4-E4B/native_thinking/v5/V4_4_T10000_N9_seed1259,1259,9,9,True,9,True,1.0,0.0,0.0,9,True,1.0,0.0,0.0,9,True,1.0,0.0,0.0
Gemma4-E4B,4,Gemma4-E4B/native_thinking/v5/V4_4_T10000_N9_seed1260,1260,9,9,True,9,True,1.0,0.0,0.0,9,True,1.0,0.0,0.0,9,True,1.0,0.0,0.0
Gemma4-E4B,8,Gemma4-E4B/native_thinking/v5/V4_4_T10000_N10_seed10007,10007,10,10,True,10,True,1.0,0.0,0.0,10,True,1.0,0.0,0.0,10,True,1.0,0.0,0.0
Gemma4-E4B,8,Gemma4-E4B/native_thinking/v5/V4_4_T10000_N10_seed10016,10016,10,10,True,10,True,1.0,0.0,0.0,10,True,1.0,0.0,0.0,10,True,1.0,0.0,0.0
Gemma4-E4B,8,Gemma4-E4B/native_thinking/v5/V4_4_T10000_N10_seed10022,10022,10,10,True,10,True,1.0,0.0,0.0,10,True,1.0,0.0,0.0,10,True,1.0,0.0,0.0
Gemma4-E4B,8,Gemma4-E4B/native_thinking/v5/V4_4_T10000_N10_seed10025,10025,10,10,True,10,True,1.0,0.0,0.0,10,True,1.0,0.0,0.0,10,True,1.0,0.0,0.0
Gemma4-E4B,8,Gemma4-E4B/native_thinking/v5/V4_4_T10000_N10_seed1255,1255,10,10,True,10,True,1.0,0.0,0.0,10,True,1.0,0.0,0.0,10,True,1.0,0.0,0.0
Gemma4-E4B,8,Gemma4-E4B/native_thinking/v5/V4_4_T10000_N10_seed1260,1260,10,10,True,10,True,1.0,0.0,0.0,10,True,1.0,0.0,0.0,10,True,1.0,0.0,0.0
Gemma4-E4B,8,Gemma4-E4B/native_thinking/v5/V4_4_T10000_N10_seed1261,1261,10,10,True,10,True,1.0,0.0,0.0,10,True,1.0,0.0,0.0,10,True,1.0,0.0,0.0
Gemma4-E4B,8,Gemma4-E4B/native_thinking/v5/V4_4_T10000_N10_seed1271,1271,10,10,True,10,True,1.0,0.0,0.0,10,True,1.0,0.0,0.0,10,True,1.0,0.0,0.0
Gemma4-E4B,8,Gemma4-E4B/native_thinking/v5/V4_4_T10000_N10_seed1274,1274,10,10,True,10,True,1.0,0.0,0.0,10,True,1.0,0.0,0.0,10,True,1.0,0.0,0.0
Gemma4-E4B,8,Gemma4-E4B/native_thinking/v5/V4_4_T10000_N10_seed1283,1283,10,10,True,10,True,1.0,0.0,0.0,10,True,1.0,0.0,0.0,10,True,1.0,0.0,0.0
Gemma4-E4B,8,Gemma4-E4B/native_thinking/v5/V4_4_T10000_N10_seed1289,1289,10,10,True,10,True,1.0,0.0,0.0,10,True,1.0,0.0,0.0,10,True,1.0,0.0,0.0
Gemma4-E4B,8,Gemma4-E4B/native_thinking/v5/V4_4_T10000_N10_seed1298,1298,10,10,True,10,True,1.0,0.0,0.0,10,True,1.0,0.0,0.0,10,True,1.0,0.0,0.0
Gemma4-E4B,8,Gemma4-E4B/native_thinking/v5/V4_4_T10000_N10_seed1325,1325,10,10,True,10,True,1.0,0.0,0.0,10,True,1.0,0.0,0.0,10,True,1.0,0.0,0.0
Gemma4-E4B,8,Gemma4-E4B/native_thinking/v5/V4_4_T10000_N10_seed1352,1352,10,10,True,10,True,1.0,0.0,0.0,10,True,1.0,0.0,0.0,10,True,1.0,0.0,0.0
Gemma4-E4B,8,Gemma4-E4B/native_thinking/v5/V4_4_T10000_N1_seed1254,1254,1,1,True,1,True,1.0,0.0,0.0,1,True,1.0,0.0,0.0,1,True,1.0,0.0,0.0
Gemma4-E4B,8,Gemma4-E4B/native_thinking/v5/V4_4_T10000_N1_seed1256,1256,1,1,True,1,True,1.0,0.0,0.0,1,True,1.0,0.0,0.0,1,True,1.0,0.0,0.0
Gemma4-E4B,8,Gemma4-E4B/native_thinking/v5/V4_4_T10000_N1_seed1261,1261,1,1,True,1,True,1.0,0.0,0.0,1,True,1.0,0.0,0.0,1,True,1.0,0.0,0.0
Gemma4-E4B,8,Gemma4-E4B/native_thinking/v5/V4_4_T10000_N2_seed1254,1254,2,2,True,2,True,1.0,0.0,0.0,2,True,1.0,0.0,0.0,2,True,1.0,0.0,0.0
Gemma4-E4B,8,Gemma4-E4B/native_thinking/v5/V4_4_T10000_N2_seed1256,1256,2,2,True,2,True,1.0,0.0,0.0,2,True,1.0,0.0,0.0,2,True,1.0,0.0,0.0
Gemma4-E4B,8,Gemma4-E4B/native_thinking/v5/V4_4_T10000_N2_seed1257,1257,2,2,True,2,True,1.0,0.0,0.0,2,True,1.0,0.0,0.0,2,True,1.0,0.0,0.0
Gemma4-E4B,8,Gemma4-E4B/native_thinking/v5/V4_4_T10000_N2_seed1258,1258,2,2,True,2,True,1.0,0.0,0.0,2,True,1.0,0.0,0.0,2,True,1.0,0.0,0.0
Gemma4-E4B,8,Gemma4-E4B/native_thinking/v5/V4_4_T10000_N2_seed1259,1259,2,2,True,2,True,1.0,0.0,0.0,2,True,1.0,0.0,0.0,2,True,1.0,0.0,0.0
Gemma4-E4B,8,Gemma4-E4B/native_thinking/v5/V4_4_T10000_N2_seed1260,1260,2,2,True,2,True,1.0,0.0,0.0,2,True,1.0,0.0,0.0,2,True,1.0,0.0,0.0
Gemma4-E4B,8,Gemma4-E4B/native_thinking/v5/V4_4_T10000_N2_seed1261,1261,2,2,True,2,True,1.0,0.0,0.0,2,True,1.0,0.0,0.0,2,True,1.0,0.0,0.0
Gemma4-E4B,8,Gemma4-E4B/native_thinking/v5/V4_4_T10000_N2_seed1262,1262,2,2,True,2,True,1.0,0.0,0.0,2,True,1.0,0.0,0.0,2,True,1.0,0.0,0.0
Gemma4-E4B,8,Gemma4-E4B/native_thinking/v5/V4_4_T10000_N2_seed1263,1263,2,2,True,2,True,1.0,0.0,0.0,2,True,1.0,0.0,0.0,2,True,1.0,0.0,0.0
Gemma4-E4B,8,Gemma4-E4B/native_thinking/v5/V4_4_T10000_N3_seed1254,1254,3,3,True,3,True,1.0,0.0,0.0,3,True,1.0,0.0,0.0,3,True,1.0,0.0,0.0
Gemma4-E4B,8,Gemma4-E4B/native_thinking/v5/V4_4_T10000_N3_seed1255,1255,3,3,True,3,True,1.0,0.0,0.0,3,True,1.0,0.0,0.0,3,True,1.0,0.0,0.0
Gemma4-E4B,8,Gemma4-E4B/native_thinking/v5/V4_4_T10000_N3_seed1258,1258,3,3,True,3,True,1.0,0.0,0.0,3,True,1.0,0.0,0.0,3,True,1.0,0.0,0.0
Gemma4-E4B,8,Gemma4-E4B/native_thinking/v5/V4_4_T10000_N3_seed1259,1259,3,3,True,3,True,1.0,0.0,0.0,3,True,1.0,0.0,0.0,3,True,1.0,0.0,0.0
Gemma4-E4B,8,Gemma4-E4B/native_thinking/v5/V4_4_T10000_N3_seed1261,1261,3,3,True,3,True,1.0,0.0,0.0,3,True,1.0,0.0,0.0,3,True,1.0,0.0,0.0
Gemma4-E4B,8,Gemma4-E4B/native_thinking/v5/V4_4_T10000_N3_seed1262,1262,3,3,True,3,True,1.0,0.0,0.0,3,True,1.0,0.0,0.0,3,True,1.0,0.0,0.0
Gemma4-E4B,8,Gemma4-E4B/native_thinking/v5/V4_4_T10000_N3_seed1263,1263,3,3,True,3,True,1.0,0.0,0.0,3,True,1.0,0.0,0.0,3,True,1.0,0.0,0.0
Gemma4-E4B,8,Gemma4-E4B/native_thinking/v5/V4_4_T10000_N4_seed1254,1254,4,4,True,4,True,1.0,0.0,0.0,4,True,1.0,0.0,0.0,4,True,1.0,0.0,0.0
Gemma4-E4B,8,Gemma4-E4B/native_thinking/v5/V4_4_T10000_N4_seed1255,1255,4,4,True,4,True,1.0,0.0,0.0,4,True,1.0,0.0,0.0,4,True,1.0,0.0,0.0
Gemma4-E4B,8,Gemma4-E4B/native_thinking/v5/V4_4_T10000_N4_seed1258,1258,4,4,True,4,True,1.0,0.0,0.0,4,True,1.0,0.0,0.0,4,True,1.0,0.0,0.0
Gemma4-E4B,8,Gemma4-E4B/native_thinking/v5/V4_4_T10000_N4_seed1261,1261,4,4,True,4,True,1.0,0.0,0.0,4,True,1.0,0.0,0.0,4,True,1.0,0.0,0.0
Gemma4-E4B,8,Gemma4-E4B/native_thinking/v5/V4_4_T10000_N5_seed1254,1254,5,5,True,5,True,1.0,0.0,0.0,5,True,1.0,0.0,0.0,5,True,1.0,0.0,0.0
Gemma4-E4B,8,Gemma4-E4B/native_thinking/v5/V4_4_T10000_N5_seed1255,1255,5,5,True,5,True,1.0,0.0,0.0,5,True,1.0,0.0,0.0,5,True,1.0,0.0,0.0
Gemma4-E4B,8,Gemma4-E4B/native_thinking/v5/V4_4_T10000_N5_seed1260,1260,5,5,True,5,True,1.0,0.0,0.0,5,True,1.0,0.0,0.0,5,True,1.0,0.0,0.0
Gemma4-E4B,8,Gemma4-E4B/native_thinking/v5/V4_4_T10000_N5_seed1261,1261,5,5,True,5,True,1.0,0.0,0.0,5,True,1.0,0.0,0.0,5,True,1.0,0.0,0.0
Gemma4-E4B,8,Gemma4-E4B/native_thinking/v5/V4_4_T10000_N6_seed1254,1254,6,6,True,6,True,1.0,0.0,0.0,6,True,1.0,0.0,0.0,6,True,1.0,0.0,0.0
Gemma4-E4B,8,Gemma4-E4B/native_thinking/v5/V4_4_T10000_N6_seed1255,1255,6,6,True,6,True,1.0,0.0,0.0,6,True,1.0,0.0,0.0,6,True,1.0,0.0,0.0
Gemma4-E4B,8,Gemma4-E4B/native_thinking/v5/V4_4_T10000_N6_seed1263,1263,6,6,True,6,True,1.0,0.0,0.0,6,True,1.0,0.0,0.0,6,True,1.0,0.0,0.0
Gemma4-E4B,8,Gemma4-E4B/native_thinking/v5/V4_4_T10000_N7_seed1254,1254,7,7,True,7,True,1.0,0.0,0.0,7,True,1.0,0.0,0.0,7,True,1.0,0.0,0.0
Gemma4-E4B,8,Gemma4-E4B/native_thinking/v5/V4_4_T10000_N7_seed1255,1255,7,7,True,7,True,1.0,0.0,0.0,7,True,1.0,0.0,0.0,7,True,1.0,0.0,0.0
Gemma4-E4B,8,Gemma4-E4B/native_thinking/v5/V4_4_T10000_N7_seed1259,1259,7,7,True,7,True,1.0,0.0,0.0,7,True,1.0,0.0,0.0,7,True,1.0,0.0,0.0
Gemma4-E4B,8,Gemma4-E4B/native_thinking/v5/V4_4_T10000_N7_seed1263,1263,7,7,True,7,True,1.0,0.0,0.0,7,True,1.0,0.0,0.0,7,True,1.0,0.0,0.0
Gemma4-E4B,8,Gemma4-E4B/native_thinking/v5/V4_4_T10000_N8_seed1254,1254,8,8,True,8,True,1.0,0.0,0.0,8,True,1.0,0.0,0.0,8,True,1.0,0.0,0.0
Gemma4-E4B,8,Gemma4-E4B/native_thinking/v5/V4_4_T10000_N8_seed1255,1255,8,8,True,8,True,1.0,0.0,0.0,8,True,1.0,0.0,0.0,8,True,1.0,0.0,0.0
Gemma4-E4B,8,Gemma4-E4B/native_thinking/v5/V4_4_T10000_N8_seed1261,1261,8,8,True,8,True,1.0,0.0,0.0,8,True,1.0,0.0,0.0,8,True,1.0,0.0,0.0
Gemma4-E4B,8,Gemma4-E4B/native_thinking/v5/V4_4_T10000_N9_seed1259,1259,9,9,True,9,True,1.0,0.0,0.0,9,True,1.0,0.0,0.0,9,True,1.0,0.0,0.0
Gemma4-E4B,8,Gemma4-E4B/native_thinking/v5/V4_4_T10000_N9_seed1260,1260,9,9,True,9,True,1.0,0.0,0.0,9,True,1.0,0.0,0.0,9,True,1.0,0.0,0.0
Gemma4-E4B,16,Gemma4-E4B/native_thinking/v5/V4_4_T10000_N10_seed10007,10007,10,10,True,10,True,1.0,0.0,0.0,10,True,1.0,0.0,0.0,10,True,1.0,0.0,0.0
Gemma4-E4B,16,Gemma4-E4B/native_thinking/v5/V4_4_T10000_N10_seed10016,10016,10,10,True,10,True,1.0,0.0,0.0,10,True,1.0,0.0,0.0,10,True,1.0,0.0,0.0
Gemma4-E4B,16,Gemma4-E4B/native_thinking/v5/V4_4_T10000_N10_seed10022,10022,10,10,True,10,True,1.0,0.0,0.0,10,True,1.0,0.0,0.0,10,True,1.0,0.0,0.0
Gemma4-E4B,16,Gemma4-E4B/native_thinking/v5/V4_4_T10000_N10_seed10025,10025,10,10,True,10,True,1.0,0.0,0.0,10,True,1.0,0.0,0.0,10,True,1.0,0.0,0.0
Gemma4-E4B,16,Gemma4-E4B/native_thinking/v5/V4_4_T10000_N10_seed1255,1255,10,10,True,10,True,1.0,0.0,0.0,10,True,1.0,0.0,0.0,10,True,1.0,0.0,0.0
Gemma4-E4B,16,Gemma4-E4B/native_thinking/v5/V4_4_T10000_N10_seed1260,1260,10,10,True,10,True,1.0,0.0,0.0,10,True,1.0,0.0,0.0,10,True,1.0,0.0,0.0
Gemma4-E4B,16,Gemma4-E4B/native_thinking/v5/V4_4_T10000_N10_seed1261,1261,10,10,True,10,True,1.0,0.0,0.0,10,True,1.0,0.0,0.0,10,True,1.0,0.0,0.0
Gemma4-E4B,16,Gemma4-E4B/native_thinking/v5/V4_4_T10000_N10_seed1271,1271,10,10,True,10,True,1.0,0.0,0.0,10,True,1.0,0.0,0.0,10,True,1.0,0.0,0.0
Gemma4-E4B,16,Gemma4-E4B/native_thinking/v5/V4_4_T10000_N10_seed1274,1274,10,10,True,10,True,1.0,0.0,0.0,10,True,1.0,0.0,0.0,10,True,1.0,0.0,0.0
Gemma4-E4B,16,Gemma4-E4B/native_thinking/v5/V4_4_T10000_N10_seed1283,1283,10,10,True,10,True,1.0,0.0,0.0,10,True,1.0,0.0,0.0,10,True,1.0,0.0,0.0
Gemma4-E4B,16,Gemma4-E4B/native_thinking/v5/V4_4_T10000_N10_seed1289,1289,10,10,True,10,True,1.0,0.0,0.0,10,True,1.0,0.0,0.0,10,True,1.0,0.0,0.0
Gemma4-E4B,16,Gemma4-E4B/native_thinking/v5/V4_4_T10000_N10_seed1298,1298,10,10,True,10,True,1.0,0.0,0.0,10,True,1.0,0.0,0.0,10,True,1.0,0.0,0.0
Gemma4-E4B,16,Gemma4-E4B/native_thinking/v5/V4_4_T10000_N10_seed1325,1325,10,10,True,10,True,1.0,0.0,0.0,10,True,1.0,0.0,0.0,10,True,1.0,0.0,0.0
Gemma4-E4B,16,Gemma4-E4B/native_thinking/v5/V4_4_T10000_N10_seed1352,1352,10,10,True,10,True,1.0,0.0,0.0,10,True,1.0,0.0,0.0,10,True,1.0,0.0,0.0
Gemma4-E4B,16,Gemma4-E4B/native_thinking/v5/V4_4_T10000_N1_seed1254,1254,1,1,True,1,True,1.0,0.0,0.0,1,True,1.0,0.0,0.0,1,True,1.0,0.0,0.0
Gemma4-E4B,16,Gemma4-E4B/native_thinking/v5/V4_4_T10000_N1_seed1256,1256,1,1,True,1,True,1.0,0.0,0.0,1,True,1.0,0.0,0.0,1,True,1.0,0.0,0.0
Gemma4-E4B,16,Gemma4-E4B/native_thinking/v5/V4_4_T10000_N1_seed1261,1261,1,1,True,1,True,1.0,0.0,0.0,1,True,1.0,0.0,0.0,1,True,1.0,0.0,0.0
Gemma4-E4B,16,Gemma4-E4B/native_thinking/v5/V4_4_T10000_N2_seed1254,1254,2,2,True,2,True,1.0,0.0,0.0,2,True,1.0,0.0,0.0,2,True,1.0,0.0,0.0
Gemma4-E4B,16,Gemma4-E4B/native_thinking/v5/V4_4_T10000_N2_seed1256,1256,2,2,True,2,True,1.0,0.0,0.0,2,True,1.0,0.0,0.0,2,True,1.0,0.0,0.0
Gemma4-E4B,16,Gemma4-E4B/native_thinking/v5/V4_4_T10000_N2_seed1257,1257,2,2,True,2,True,1.0,0.0,0.0,2,True,1.0,0.0,0.0,2,True,1.0,0.0,0.0
Gemma4-E4B,16,Gemma4-E4B/native_thinking/v5/V4_4_T10000_N2_seed1258,1258,2,2,True,2,True,1.0,0.0,0.0,2,True,1.0,0.0,0.0,2,True,1.0,0.0,0.0
Gemma4-E4B,16,Gemma4-E4B/native_thinking/v5/V4_4_T10000_N2_seed1259,1259,2,2,True,2,True,1.0,0.0,0.0,2,True,1.0,0.0,0.0,2,True,1.0,0.0,0.0
Gemma4-E4B,16,Gemma4-E4B/native_thinking/v5/V4_4_T10000_N2_seed1260,1260,2,2,True,2,True,1.0,0.0,0.0,2,True,1.0,0.0,0.0,2,True,1.0,0.0,0.0
Gemma4-E4B,16,Gemma4-E4B/native_thinking/v5/V4_4_T10000_N2_seed1261,1261,2,2,True,2,True,1.0,0.0,0.0,2,True,1.0,0.0,0.0,2,True,1.0,0.0,0.0
Gemma4-E4B,16,Gemma4-E4B/native_thinking/v5/V4_4_T10000_N2_seed1262,1262,2,2,True,2,True,1.0,0.0,0.0,2,True,1.0,0.0,0.0,2,True,1.0,0.0,0.0
Gemma4-E4B,16,Gemma4-E4B/native_thinking/v5/V4_4_T10000_N2_seed1263,1263,2,2,True,2,True,1.0,0.0,0.0,2,True,1.0,0.0,0.0,2,True,1.0,0.0,0.0
Gemma4-E4B,16,Gemma4-E4B/native_thinking/v5/V4_4_T10000_N3_seed1254,1254,3,3,True,3,True,1.0,0.0,0.0,3,True,1.0,0.0,0.0,3,True,1.0,0.0,0.0
Gemma4-E4B,16,Gemma4-E4B/native_thinking/v5/V4_4_T10000_N3_seed1255,1255,3,3,True,3,True,1.0,0.0,0.0,3,True,1.0,0.0,0.0,3,True,1.0,0.0,0.0
Gemma4-E4B,16,Gemma4-E4B/native_thinking/v5/V4_4_T10000_N3_seed1258,1258,3,3,True,3,True,1.0,0.0,0.0,3,True,1.0,0.0,0.0,3,True,1.0,0.0,0.0
Gemma4-E4B,16,Gemma4-E4B/native_thinking/v5/V4_4_T10000_N3_seed1259,1259,3,3,True,3,True,1.0,0.0,0.0,3,True,1.0,0.0,0.0,3,True,1.0,0.0,0.0
Gemma4-E4B,16,Gemma4-E4B/native_thinking/v5/V4_4_T10000_N3_seed1261,1261,3,3,True,3,True,1.0,0.0,0.0,3,True,1.0,0.0,0.0,3,True,1.0,0.0,0.0
Gemma4-E4B,16,Gemma4-E4B/native_thinking/v5/V4_4_T10000_N3_seed1262,1262,3,3,True,3,True,1.0,0.0,0.0,3,True,1.0,0.0,0.0,3,True,1.0,0.0,0.0
Gemma4-E4B,16,Gemma4-E4B/native_thinking/v5/V4_4_T10000_N3_seed1263,1263,3,3,True,3,True,1.0,0.0,0.0,3,True,1.0,0.0,0.0,3,True,1.0,0.0,0.0
Gemma4-E4B,16,Gemma4-E4B/native_thinking/v5/V4_4_T10000_N4_seed1254,1254,4,4,True,4,True,1.0,0.0,0.0,4,True,1.0,0.0,0.0,4,True,1.0,0.0,0.0
Gemma4-E4B,16,Gemma4-E4B/native_thinking/v5/V4_4_T10000_N4_seed1255,1255,4,4,True,4,True,1.0,0.0,0.0,4,True,1.0,0.0,0.0,4,True,1.0,0.0,0.0
Gemma4-E4B,16,Gemma4-E4B/native_thinking/v5/V4_4_T10000_N4_seed1258,1258,4,4,True,4,True,1.0,0.0,0.0,4,True,1.0,0.0,0.0,4,True,1.0,0.0,0.0
Gemma4-E4B,16,Gemma4-E4B/native_thinking/v5/V4_4_T10000_N4_seed1261,1261,4,4,True,4,True,1.0,0.0,0.0,4,True,1.0,0.0,0.0,4,True,1.0,0.0,0.0
Gemma4-E4B,16,Gemma4-E4B/native_thinking/v5/V4_4_T10000_N5_seed1254,1254,5,5,True,5,True,1.0,0.0,0.0,5,True,1.0,0.0,0.0,5,True,1.0,0.0,0.0
Gemma4-E4B,16,Gemma4-E4B/native_thinking/v5/V4_4_T10000_N5_seed1255,1255,5,5,True,5,True,1.0,0.0,0.0,5,True,1.0,0.0,0.0,5,True,1.0,0.0,0.0
Gemma4-E4B,16,Gemma4-E4B/native_thinking/v5/V4_4_T10000_N5_seed1260,1260,5,5,True,5,True,1.0,0.0,0.0,5,True,1.0,0.0,0.0,5,True,1.0,0.0,0.0
Gemma4-E4B,16,Gemma4-E4B/native_thinking/v5/V4_4_T10000_N5_seed1261,1261,5,5,True,5,True,1.0,0.0,0.0,5,True,1.0,0.0,0.0,5,True,1.0,0.0,0.0
Gemma4-E4B,16,Gemma4-E4B/native_thinking/v5/V4_4_T10000_N6_seed1254,1254,6,6,True,6,True,1.0,0.0,0.0,6,True,1.0,0.0,0.0,6,True,1.0,0.0,0.0
Gemma4-E4B,16,Gemma4-E4B/native_thinking/v5/V4_4_T10000_N6_seed1255,1255,6,6,True,6,True,1.0,0.0,0.0,6,True,1.0,0.0,0.0,6,True,1.0,0.0,0.0
Gemma4-E4B,16,Gemma4-E4B/native_thinking/v5/V4_4_T10000_N6_seed1263,1263,6,6,True,6,True,1.0,0.0,0.0,6,True,1.0,0.0,0.0,6,True,1.0,0.0,0.0
Gemma4-E4B,16,Gemma4-E4B/native_thinking/v5/V4_4_T10000_N7_seed1254,1254,7,7,True,7,True,1.0,0.0,0.0,7,True,1.0,0.0,0.0,7,True,1.0,0.0,0.0
Gemma4-E4B,16,Gemma4-E4B/native_thinking/v5/V4_4_T10000_N7_seed1255,1255,7,7,True,7,True,1.0,0.0,0.0,7,True,1.0,0.0,0.0,7,True,1.0,0.0,0.0
Gemma4-E4B,16,Gemma4-E4B/native_thinking/v5/V4_4_T10000_N7_seed1259,1259,7,7,True,7,True,1.0,0.0,0.0,7,True,1.0,0.0,0.0,7,True,1.0,0.0,0.0
Gemma4-E4B,16,Gemma4-E4B/native_thinking/v5/V4_4_T10000_N7_seed1263,1263,7,7,True,7,True,1.0,0.0,0.0,7,True,1.0,0.0,0.0,7,True,1.0,0.0,0.0
Gemma4-E4B,16,Gemma4-E4B/native_thinking/v5/V4_4_T10000_N8_seed1254,1254,8,8,True,8,True,1.0,0.0,0.0,8,True,1.0,0.0,0.0,8,True,1.0,0.0,0.0
Gemma4-E4B,16,Gemma4-E4B/native_thinking/v5/V4_4_T10000_N8_seed1255,1255,8,8,True,8,True,1.0,0.0,0.0,8,True,1.0,0.0,0.0,8,True,1.0,0.0,0.0
Gemma4-E4B,16,Gemma4-E4B/native_thinking/v5/V4_4_T10000_N8_seed1261,1261,8,8,True,8,True,1.0,0.0,0.0,8,True,1.0,0.0,0.0,8,True,1.0,0.0,0.0
Gemma4-E4B,16,Gemma4-E4B/native_thinking/v5/V4_4_T10000_N9_seed1259,1259,9,9,True,9,True,1.0,0.0,0.0,9,True,1.0,0.0,0.0,9,True,1.0,0.0,0.0
Gemma4-E4B,16,Gemma4-E4B/native_thinking/v5/V4_4_T10000_N9_seed1260,1260,9,9,True,9,True,1.0,0.0,0.0,9,True,1.0,0.0,0.0,9,True,1.0,0.0,0.0
Gemma4-E4B,32,Gemma4-E4B/native_thinking/v5/V4_4_T10000_N10_seed10007,10007,10,10,True,10,True,1.0,0.0,0.0,10,True,1.0,0.0,0.0,10,True,1.0,0.0,0.0
Gemma4-E4B,32,Gemma4-E4B/native_thinking/v5/V4_4_T10000_N10_seed10016,10016,10,10,True,10,True,1.0,0.0,0.0,10,True,1.0,0.0,0.0,10,True,1.0,0.0,0.0
Gemma4-E4B,32,Gemma4-E4B/native_thinking/v5/V4_4_T10000_N10_seed10022,10022,10,10,True,10,True,1.0,0.0,0.0,10,True,1.0,0.0,0.0,10,True,1.0,0.0,0.0
Gemma4-E4B,32,Gemma4-E4B/native_thinking/v5/V4_4_T10000_N10_seed10025,10025,10,10,True,10,True,1.0,0.0,0.0,10,True,1.0,0.0,0.0,10,True,1.0,0.0,0.0
Gemma4-E4B,32,Gemma4-E4B/native_thinking/v5/V4_4_T10000_N10_seed1255,1255,10,10,True,10,True,1.0,0.0,0.0,10,True,1.0,0.0,0.0,10,True,1.0,0.0,0.0
Gemma4-E4B,32,Gemma4-E4B/native_thinking/v5/V4_4_T10000_N10_seed1260,1260,10,10,True,10,True,1.0,0.0,0.0,10,True,1.0,0.0,0.0,10,True,1.0,0.0,0.0
Gemma4-E4B,32,Gemma4-E4B/native_thinking/v5/V4_4_T10000_N10_seed1261,1261,10,10,True,10,True,1.0,0.0,0.0,10,True,1.0,0.0,0.0,10,True,1.0,0.0,0.0
Gemma4-E4B,32,Gemma4-E4B/native_thinking/v5/V4_4_T10000_N10_seed1271,1271,10,10,True,10,True,1.0,0.0,0.0,10,True,1.0,0.0,0.0,10,True,1.0,0.0,0.0
Gemma4-E4B,32,Gemma4-E4B/native_thinking/v5/V4_4_T10000_N10_seed1274,1274,10,10,True,10,True,1.0,0.0,0.0,10,True,1.0,0.0,0.0,10,True,1.0,0.0,0.0
Gemma4-E4B,32,Gemma4-E4B/native_thinking/v5/V4_4_T10000_N10_seed1283,1283,10,10,True,10,True,1.0,0.0,0.0,10,True,1.0,0.0,0.0,10,True,1.0,0.0,0.0
Gemma4-E4B,32,Gemma4-E4B/native_thinking/v5/V4_4_T10000_N10_seed1289,1289,10,10,True,10,True,1.0,0.0,0.0,10,True,1.0,0.0,0.0,10,True,1.0,0.0,0.0
Gemma4-E4B,32,Gemma4-E4B/native_thinking/v5/V4_4_T10000_N10_seed1298,1298,10,10,True,10,True,1.0,0.0,0.0,10,True,1.0,0.0,0.0,10,True,1.0,0.0,0.0
Gemma4-E4B,32,Gemma4-E4B/native_thinking/v5/V4_4_T10000_N10_seed1325,1325,10,10,True,10,True,1.0,0.0,0.0,10,True,1.0,0.0,0.0,10,True,1.0,0.0,0.0
Gemma4-E4B,32,Gemma4-E4B/native_thinking/v5/V4_4_T10000_N10_seed1352,1352,10,10,True,10,True,1.0,0.0,0.0,10,True,1.0,0.0,0.0,10,True,1.0,0.0,0.0
Gemma4-E4B,32,Gemma4-E4B/native_thinking/v5/V4_4_T10000_N1_seed1254,1254,1,1,True,1,True,1.0,0.0,0.0,1,True,1.0,0.0,0.0,1,True,1.0,0.0,0.0
Gemma4-E4B,32,Gemma4-E4B/native_thinking/v5/V4_4_T10000_N1_seed1256,1256,1,1,True,1,True,1.0,0.0,0.0,1,True,1.0,0.0,0.0,1,True,1.0,0.0,0.0
Gemma4-E4B,32,Gemma4-E4B/native_thinking/v5/V4_4_T10000_N1_seed1261,1261,1,1,True,1,True,1.0,0.0,0.0,1,True,1.0,0.0,0.0,1,True,1.0,0.0,0.0
Gemma4-E4B,32,Gemma4-E4B/native_thinking/v5/V4_4_T10000_N2_seed1254,1254,2,2,True,2,True,1.0,0.0,0.0,2,True,1.0,0.0,0.0,2,True,1.0,0.0,0.0
Gemma4-E4B,32,Gemma4-E4B/native_thinking/v5/V4_4_T10000_N2_seed1256,1256,2,2,True,2,True,1.0,0.0,0.0,2,True,1.0,0.0,0.0,2,True,1.0,0.0,0.0
Gemma4-E4B,32,Gemma4-E4B/native_thinking/v5/V4_4_T10000_N2_seed1257,1257,2,2,True,2,True,1.0,0.0,0.0,2,True,1.0,0.0,0.0,2,True,1.0,0.0,0.0
Gemma4-E4B,32,Gemma4-E4B/native_thinking/v5/V4_4_T10000_N2_seed1258,1258,2,2,True,2,True,1.0,0.0,0.0,2,True,1.0,0.0,0.0,2,True,1.0,0.0,0.0
Gemma4-E4B,32,Gemma4-E4B/native_thinking/v5/V4_4_T10000_N2_seed1259,1259,2,2,True,2,True,1.0,0.0,0.0,2,True,1.0,0.0,0.0,2,True,1.0,0.0,0.0
Gemma4-E4B,32,Gemma4-E4B/native_thinking/v5/V4_4_T10000_N2_seed1260,1260,2,2,True,2,True,1.0,0.0,0.0,2,True,1.0,0.0,0.0,2,True,1.0,0.0,0.0
Gemma4-E4B,32,Gemma4-E4B/native_thinking/v5/V4_4_T10000_N2_seed1261,1261,2,2,True,2,True,1.0,0.0,0.0,2,True,1.0,0.0,0.0,2,True,1.0,0.0,0.0
Gemma4-E4B,32,Gemma4-E4B/native_thinking/v5/V4_4_T10000_N2_seed1262,1262,2,2,True,2,True,1.0,0.0,0.0,2,True,1.0,0.0,0.0,2,True,1.0,0.0,0.0
Gemma4-E4B,32,Gemma4-E4B/native_thinking/v5/V4_4_T10000_N2_seed1263,1263,2,2,True,2,True,1.0,0.0,0.0,2,True,1.0,0.0,0.0,2,True,1.0,0.0,0.0
Gemma4-E4B,32,Gemma4-E4B/native_thinking/v5/V4_4_T10000_N3_seed1254,1254,3,3,True,3,True,1.0,0.0,0.0,3,True,1.0,0.0,0.0,3,True,1.0,0.0,0.0
Gemma4-E4B,32,Gemma4-E4B/native_thinking/v5/V4_4_T10000_N3_seed1255,1255,3,3,True,3,True,1.0,0.0,0.0,3,True,1.0,0.0,0.0,3,True,1.0,0.0,0.0
Gemma4-E4B,32,Gemma4-E4B/native_thinking/v5/V4_4_T10000_N3_seed1258,1258,3,3,True,3,True,1.0,0.0,0.0,3,True,1.0,0.0,0.0,3,True,1.0,0.0,0.0
Gemma4-E4B,32,Gemma4-E4B/native_thinking/v5/V4_4_T10000_N3_seed1259,1259,3,3,True,3,True,1.0,0.0,0.0,3,True,1.0,0.0,0.0,3,True,1.0,0.0,0.0
Gemma4-E4B,32,Gemma4-E4B/native_thinking/v5/V4_4_T10000_N3_seed1261,1261,3,3,True,3,True,1.0,0.0,0.0,3,True,1.0,0.0,0.0,3,True,1.0,0.0,0.0
Gemma4-E4B,32,Gemma4-E4B/native_thinking/v5/V4_4_T10000_N3_seed1262,1262,3,3,True,3,True,1.0,0.0,0.0,3,True,1.0,0.0,0.0,3,True,1.0,0.0,0.0
Gemma4-E4B,32,Gemma4-E4B/native_thinking/v5/V4_4_T10000_N3_seed1263,1263,3,3,True,3,True,1.0,0.0,0.0,3,True,1.0,0.0,0.0,3,True,1.0,0.0,0.0
Gemma4-E4B,32,Gemma4-E4B/native_thinking/v5/V4_4_T10000_N4_seed1254,1254,4,4,True,4,True,1.0,0.0,0.0,4,True,1.0,0.0,0.0,4,True,1.0,0.0,0.0
Gemma4-E4B,32,Gemma4-E4B/native_thinking/v5/V4_4_T10000_N4_seed1255,1255,4,4,True,4,True,1.0,0.0,0.0,4,True,1.0,0.0,0.0,4,True,1.0,0.0,0.0
Gemma4-E4B,32,Gemma4-E4B/native_thinking/v5/V4_4_T10000_N4_seed1258,1258,4,4,True,4,True,1.0,0.0,0.0,4,True,1.0,0.0,0.0,4,True,1.0,0.0,0.0
Gemma4-E4B,32,Gemma4-E4B/native_thinking/v5/V4_4_T10000_N4_seed1261,1261,4,4,True,4,True,1.0,0.0,0.0,4,True,1.0,0.0,0.0,4,True,1.0,0.0,0.0
Gemma4-E4B,32,Gemma4-E4B/native_thinking/v5/V4_4_T10000_N5_seed1254,1254,5,5,True,5,True,1.0,0.0,0.0,5,True,1.0,0.0,0.0,5,True,1.0,0.0,0.0
Gemma4-E4B,32,Gemma4-E4B/native_thinking/v5/V4_4_T10000_N5_seed1255,1255,5,5,True,5,True,1.0,0.0,0.0,5,True,1.0,0.0,0.0,5,True,1.0,0.0,0.0
Gemma4-E4B,32,Gemma4-E4B/native_thinking/v5/V4_4_T10000_N5_seed1260,1260,5,5,True,5,True,1.0,0.0,0.0,5,True,1.0,0.0,0.0,5,True,1.0,0.0,0.0
Gemma4-E4B,32,Gemma4-E4B/native_thinking/v5/V4_4_T10000_N5_seed1261,1261,5,5,True,5,True,1.0,0.0,0.0,5,True,1.0,0.0,0.0,5,True,1.0,0.0,0.0
Gemma4-E4B,32,Gemma4-E4B/native_thinking/v5/V4_4_T10000_N6_seed1254,1254,6,6,True,6,True,1.0,0.0,0.0,6,True,1.0,0.0,0.0,6,True,1.0,0.0,0.0
Gemma4-E4B,32,Gemma4-E4B/native_thinking/v5/V4_4_T10000_N6_seed1255,1255,6,6,True,6,True,0.0,-1.0,-1.0,6,True,1.0,0.0,0.0,6,True,1.0,0.0,0.0
Gemma4-E4B,32,Gemma4-E4B/native_thinking/v5/V4_4_T10000_N6_seed1263,1263,6,6,True,6,True,1.0,0.0,0.0,6,True,1.0,0.0,0.0,6,True,1.0,0.0,0.0
Gemma4-E4B,32,Gemma4-E4B/native_thinking/v5/V4_4_T10000_N7_seed1254,1254,7,7,True,7,True,1.0,0.0,0.0,7,True,1.0,0.0,0.0,7,True,1.0,0.0,0.0
Gemma4-E4B,32,Gemma4-E4B/native_thinking/v5/V4_4_T10000_N7_seed1255,1255,7,7,True,7,True,0.0,-1.0,-1.0,7,True,1.0,0.0,0.0,7,True,1.0,0.0,0.0
Gemma4-E4B,32,Gemma4-E4B/native_thinking/v5/V4_4_T10000_N7_seed1259,1259,7,7,True,7,True,1.0,0.0,0.0,7,True,1.0,0.0,0.0,7,True,1.0,0.0,0.0
Gemma4-E4B,32,Gemma4-E4B/native_thinking/v5/V4_4_T10000_N7_seed1263,1263,7,7,True,7,True,0.0,-1.0,-1.0,7,True,1.0,0.0,0.0,7,True,1.0,0.0,0.0
Gemma4-E4B,32,Gemma4-E4B/native_thinking/v5/V4_4_T10000_N8_seed1254,1254,8,8,True,8,True,1.0,0.0,0.0,8,True,1.0,0.0,0.0,8,True,1.0,0.0,0.0
Gemma4-E4B,32,Gemma4-E4B/native_thinking/v5/V4_4_T10000_N8_seed1255,1255,8,8,True,8,True,1.0,0.0,0.0,8,True,1.0,0.0,0.0,8,True,1.0,0.0,0.0
Gemma4-E4B,32,Gemma4-E4B/native_thinking/v5/V4_4_T10000_N8_seed1261,1261,8,8,True,8,True,1.0,0.0,0.0,8,True,1.0,0.0,0.0,8,True,1.0,0.0,0.0
Gemma4-E4B,32,Gemma4-E4B/native_thinking/v5/V4_4_T10000_N9_seed1259,1259,9,9,True,9,True,1.0,0.0,0.0,9,True,1.0,0.0,0.0,9,True,1.0,0.0,0.0
Gemma4-E4B,32,Gemma4-E4B/native_thinking/v5/V4_4_T10000_N9_seed1260,1260,9,9,True,9,True,1.0,0.0,0.0,9,True,1.0,0.0,0.0,9,True,1.0,0.0,0.0
