model_label,mode,layer,n_confirmation,n_confirmation_seed_clusters,min_confirmation_per_class,max_confirmation_per_class,pca_components,logistic_accuracy,logistic_balanced_accuracy,ncc_accuracy,ncc_balanced_accuracy,nc4_probe_ncc_disagreement,nc1_trace_sigmaw_sigmab_pinv_over_c,nc2_etf_gram_relative_error,nc2_centered_centroid_norm_cv,pillai_trace_regularized,lawley_hotelling_trace_regularized,wilks_lambda_regularized,wilks_log_separation_regularized,covariance_ridge,covariance_ridge_attempts,covariance_min_eigenvalue_before_ridge,covariance_within_scale
Gemma4-E4B,non_thinking,0,30,3,3,3,32,0.13333333333333333,0.13333333333333333,0.06666666666666667,0.06666666666666667,0.6666666666666666,157414144.1067591,1.3415721654891968,0.14384588599205017,9.017219906243874,864252.192555715,2.2904059572290888e-43,98.18242992298981,7.363121193647384e-05,1,-8.471218035525087e-06,73.63121193647385
Gemma4-E4B,native_thinking,0,30,3,3,3,32,0.4,0.4,0.1,0.1,0.5666666666666667,1617614234.9972057,0.7436058521270752,0.12013214081525803,8.615872369408866,13480.628254641144,3.652971761113785e-18,40.15099065643702,4.750727263651788e-05,1,-1.2538721301729951e-05,47.50727263651788
Gemma4-E4B,non_thinking,1,30,3,3,3,32,0.13333333333333333,0.13333333333333333,0.06666666666666667,0.06666666666666667,0.4666666666666667,-591133795.3452053,1.4418997764587402,0.14313386380672455,9.011076320272636,633528.7891522982,4.8576519733959137e-42,95.12801871763,6.078527665138244e-05,1,-9.456074744042572e-06,60.785276651382446
Gemma4-E4B,native_thinking,1,30,3,3,3,32,0.4666666666666667,0.4666666666666667,0.23333333333333334,0.2333333333333333,0.6333333333333333,715203138.7117575,0.5649212598800659,0.15625542402267456,8.99139032725578,323912.2169814017,2.891925414079267e-32,72.62080046227454,4.3688926592469215e-05,1,-9.628561035179221e-06,43.688926592469215
Gemma4-E4B,non_thinking,2,30,3,3,3,32,0.1,0.1,0.06666666666666667,0.06666666666666667,0.5666666666666667,-88209679.13661179,1.161352515220642,0.13087673485279083,9.010111347845477,880569.4442706639,1.704839452287445e-42,96.1751029623293,4.703769746422767e-05,1,-3.933636004257427e-06,47.037697464227676
Gemma4-E4B,native_thinking,2,30,3,3,3,32,0.4,0.4,0.26666666666666666,0.26666666666666666,0.4,-795897702.348749,0.649457573890686,0.26836174726486206,8.859610835447889,232239.50392417563,1.5691722962443554e-25,57.114079044353986,4.192213587835431e-05,1,-2.92413294772393e-06,41.92213587835431
Gemma4-E4B,non_thinking,3,30,3,3,3,32,0.13333333333333333,0.13333333333333333,0.1,0.1,0.6,-121094349.63018253,1.1505300998687744,0.1622471809387207,9.006284999917398,721138.6214897006,2.1713122184804874e-41,93.63065711898912,4.468707491457462e-05,1,-2.5248191869335644e-06,44.68707491457462
Gemma4-E4B,native_thinking,3,30,3,3,3,32,0.43333333333333335,0.4333333333333333,0.23333333333333334,0.23333333333333334,0.6333333333333333,-1564194080.7783904,0.6775774955749512,0.33249762654304504,8.957605068445908,1250269.6873546753,7.517712302726416e-29,64.75770582021134,3.896833338588476e-05,1,-2.8232301373332785e-06,38.96833338588476
Gemma4-E4B,non_thinking,4,30,3,3,3,32,0.13333333333333333,0.13333333333333333,0.1,0.1,0.7333333333333333,-10625874.201186527,1.260860800743103,0.1274271309375763,9.00291318297391,707273.875575077,5.939531112230761e-41,92.62435861983192,4.5336221136152746e-05,1,-4.971591091101418e-06,45.336221136152744
Gemma4-E4B,native_thinking,4,30,3,3,3,32,0.43333333333333335,0.4333333333333333,0.3333333333333333,0.3333333333333333,0.5,2600311183.1281147,0.7827688455581665,0.4573880434036255,8.989707017905321,1537967.8898569802,5.652561230382103e-34,76.55578440424358,3.721860963106155e-05,1,-9.813485411428732e-06,37.218609631061554
Gemma4-E4B,non_thinking,5,30,3,3,3,32,0.23333333333333334,0.2333333333333333,0.23333333333333334,0.2333333333333333,0.5333333333333333,-36180818.86618936,1.365661382675171,0.7444125413894653,9.00662044179006,5311572.731271024,8.931095191977644e-42,94.51903487650262,3.2688359711319206e-05,1,-4.131289684031114e-06,32.68835971131921
Gemma4-E4B,native_thinking,5,30,3,3,3,32,0.4666666666666667,0.4666666666666666,0.36666666666666664,0.36666666666666664,0.5,77874607.61527362,0.6792991757392883,0.4043727219104767,8.97504324888197,360176.00824530126,5.816395091263569e-30,67.31687212011207,3.557184618711471e-05,1,-1.8553939320035968e-06,35.571846187114716
Gemma4-E4B,non_thinking,6,30,3,3,3,32,0.26666666666666666,0.26666666666666666,0.26666666666666666,0.26666666666666666,0.5333333333333333,1456891688.7227607,1.3342008590698242,0.7299954295158386,9.005908386148484,6973461.290146981,4.911555590957515e-42,95.11698319315171,3.4690739937126634e-05,1,-7.806295284641075e-06,34.69073993712664
Gemma4-E4B,native_thinking,6,30,3,3,3,32,0.43333333333333335,0.4333333333333333,0.3,0.3,0.6333333333333333,95850644.32560995,0.822856068611145,0.4943022131919861,8.981870142201553,762591.1647386025,6.310918073061666e-33,74.14302690789529,3.7892180077731605e-05,1,-2.492468686259004e-06,37.89218007773161
Gemma4-E4B,non_thinking,7,30,3,3,3,32,0.3333333333333333,0.33333333333333337,0.2,0.2,0.4,72180999.20280668,1.2506085634231567,0.7070521712303162,9.014032013888457,8676493.614123233,3.774411048183931e-42,95.38032954894645,4.209124191477895e-05,1,-1.881996606980107e-05,42.09124191477895
Gemma4-E4B,native_thinking,7,30,3,3,3,32,0.4666666666666667,0.4666666666666666,0.3,0.3,0.6,43153838.59957497,1.008953332901001,0.6624080538749695,9.01729464006538,870259.9406891924,1.104746521301729e-32,73.58310705964135,3.9258323974907397e-05,1,-1.9174282715141696e-06,39.2583239749074
Gemma4-E4B,non_thinking,8,30,3,3,3,32,0.23333333333333334,0.23333333333333334,0.23333333333333334,0.2333333333333333,0.4,-924361192.6745008,1.2294529676437378,0.7358580231666565,9.009629007763676,4834910.239966957,3.1457839236703564e-42,95.56251078634916,4.309846785664558e-05,1,-4.019132450572948e-06,43.098467856645584
Gemma4-E4B,native_thinking,8,30,3,3,3,32,0.43333333333333335,0.4333333333333333,0.3333333333333333,0.3333333333333333,0.5666666666666667,76548318.4088145,1.1258494853973389,0.6938474178314209,8.990254026891469,1356506.5358941993,5.019349722920483e-34,76.67459277375143,3.853046578168869e-05,1,-2.463332359166399e-06,38.53046578168869
Gemma4-E4B,non_thinking,9,30,3,3,3,32,0.2,0.19999999999999998,0.2,0.19999999999999998,0.4666666666666667,-190493972.87239227,1.2876089811325073,0.7294597625732422,9.001591870599865,5205119.689666716,2.6595497796150744e-42,95.7304170530655,4.2771134212613104e-05,1,-5.054465853951271e-06,42.771134212613106
Gemma4-E4B,native_thinking,9,30,3,3,3,32,0.3333333333333333,0.33333333333333337,0.3333333333333333,0.3333333333333333,0.4,589919326.7621495,0.924796998500824,0.5514947772026062,9.009527277571259,2038405.9997679384,3.7677703968486256e-38,86.17175011393518,3.797536576539278e-05,1,-2.5169967054156535e-06,37.97536576539278
Gemma4-E4B,non_thinking,10,30,3,3,3,32,0.23333333333333334,0.2333333333333333,0.16666666666666666,0.16666666666666666,0.5666666666666667,-7913123.910412644,1.253421425819397,0.774323582649231,9.0132952634525,9254803.152470384,7.246615886605974e-44,99.33320950610569,3.8443166621029377e-05,1,-3.4157093349076555e-06,38.44316662102938
Gemma4-E4B,native_thinking,10,30,3,3,3,32,0.6666666666666666,0.6666666666666667,0.6,0.5999999999999999,0.3333333333333333,317798377.5368838,0.8448879718780518,0.4843408465385437,9.019383014339631,3789233.7078033667,1.1926246449081577e-44,101.13758762938791,3.321462609618902e-05,1,-3.71804409817583e-06,33.21462609618902
Gemma4-E4B,non_thinking,11,30,3,3,3,32,0.26666666666666666,0.26666666666666666,0.2,0.19999999999999998,0.5666666666666667,-61444361.00004412,1.7163152694702148,0.6600847840309143,9.006350804769399,3818989.776960924,3.2941902090829233e-41,93.21382843856223,3.558725384622812e-05,1,-2.9338936946503665e-06,35.58725384622812
Gemma4-E4B,native_thinking,11,30,3,3,3,32,0.6,0.6,0.4666666666666667,0.4666666666666666,0.5333333333333333,-333447136.95542157,1.0532948970794678,0.6286817193031311,9.016664949798917,2743343.046313469,1.1347499733488253e-39,89.67440628789973,3.597313042730093e-05,1,-2.591744752014928e-06,35.97313042730093
Gemma4-E4B,non_thinking,12,30,3,3,3,32,0.26666666666666666,0.26666666666666666,0.2,0.19999999999999998,0.43333333333333335,-539726912.7970892,1.6570830345153809,0.6318303942680359,9.01080630443603,8395393.69047181,4.440455878944997e-43,97.52040195213253,3.408581007272005e-05,1,-1.6968474832269282e-05,34.08581007272005
Gemma4-E4B,native_thinking,12,30,3,3,3,32,0.4666666666666667,0.4666666666666666,0.3333333333333333,0.3333333333333333,0.5,47546943.717815205,1.1463000774383545,0.5999462604522705,9.078459759081415,3305764.5620289054,2.151787090094084e-40,91.33710501818665,3.498203469067812e-05,1,-1.120329592390624e-05,34.98203469067812
Gemma4-E4B,non_thinking,13,30,3,3,3,32,0.3,0.3,0.26666666666666666,0.26666666666666666,0.6333333333333333,-8474644.23560536,1.6478445529937744,0.6391139030456543,9.007995471681506,14594530.685332064,3.4368734672125578e-43,97.77659681644701,3.228776920586824e-05,1,-1.74764457757114e-05,32.287769205868244
Gemma4-E4B,native_thinking,13,30,3,3,3,32,0.5333333333333333,0.5333333333333333,0.4,0.4,0.43333333333333335,-369017118.9345009,1.1633659601211548,0.6240971088409424,9.003550811676016,2805957.949065942,1.7258027032781168e-42,96.16288162826777,3.167352087423205e-05,1,-2.246488106006911e-06,31.673520874232054
Gemma4-E4B,non_thinking,14,30,3,3,3,32,0.26666666666666666,0.26666666666666666,0.3,0.3,0.6,-732834298.4806517,1.659471869468689,0.6290498375892639,9.016560373017398,5025060.0679449905,1.9462954310953572e-44,100.64781630495659,3.2371043771505354e-05,1,-1.0730192424616094e-05,32.371043771505356
Gemma4-E4B,native_thinking,14,30,3,3,3,32,0.5333333333333333,0.5333333333333334,0.43333333333333335,0.4333333333333333,0.4,-297854304.5543443,1.2269841432571411,0.5446769595146179,9.07561012976078,3065568.9071384356,1.0004196010209648e-42,96.70815439273684,3.2089499495923515e-05,1,-8.735262310345542e-06,32.08949949592352
Gemma4-E4B,non_thinking,15,30,3,3,3,32,0.3333333333333333,0.33333333333333337,0.26666666666666666,0.26666666666666666,0.5,-58144279.003294624,1.6167246103286743,0.6176146864891052,9.016506837717605,6041555.442625446,1.5302811936003208e-44,100.88829258655349,3.0816541768610474e-05,1,-5.774823272108973e-06,30.816541768610477
Gemma4-E4B,native_thinking,15,30,3,3,3,32,0.5666666666666667,0.5666666666666667,0.43333333333333335,0.4333333333333333,0.43333333333333335,-195815990.72746897,1.0902031660079956,0.5536525845527649,9.058916528529322,2665664.095987418,1.7887370764256165e-43,98.42964917180083,2.9813669130206105e-05,1,-3.506149927234143e-06,29.813669130206108
Gemma4-E4B,non_thinking,16,30,3,3,3,32,0.3,0.3,0.3,0.3,0.6666666666666666,-122188251.32219419,1.6110210418701172,0.6419285535812378,9.022172074543317,9958045.029689426,4.9306208370062755e-45,102.02086427417879,2.7983912739902735e-05,1,-1.004671997622747e-05,27.983912739902735
Gemma4-E4B,native_thinking,16,30,3,3,3,32,0.6,0.6,0.6,0.6,0.4,-7328735.434797736,1.0372439622879028,0.49547892808914185,9.00300639806484,3787471.9953345596,1.4542032005836527e-45,103.24187106257668,2.8643820919096467e-05,1,-1.1973392239274149e-05,28.64382091909647
Gemma4-E4B,non_thinking,17,30,3,3,3,32,0.3,0.3,0.23333333333333334,0.2333333333333333,0.4666666666666667,186633250.54227528,1.554966688156128,0.6524189114570618,8.999103903759256,4386829.891218546,7.860801633097243e-43,96.9492704085597,2.82884354442358e-05,1,-4.5061577590374e-06,28.2884354442358
Gemma4-E4B,native_thinking,17,30,3,3,3,32,0.36666666666666664,0.36666666666666664,0.36666666666666664,0.3666666666666667,0.36666666666666664,-36073874.27655648,1.0641592741012573,0.5197848081588745,9.043853645057919,5862271.578791145,1.9286694639678616e-46,105.26208390946047,2.9106072671711445e-05,1,-2.5189844572712492e-05,29.106072671711445
Gemma4-E4B,non_thinking,18,30,3,3,3,32,0.26666666666666666,0.26666666666666666,0.3,0.3,0.5666666666666667,-1765940.5544501345,1.4799655675888062,0.6683081984519958,9.00660979143711,6293174.977303081,2.536102479092514e-44,100.38311564624269,2.739283375442028e-05,1,-5.412645463962832e-06,27.39283375442028
Gemma4-E4B,native_thinking,18,30,3,3,3,32,0.3,0.29999999999999993,0.4,0.4,0.3333333333333333,281903951.37184006,1.2012923955917358,0.5630170106887817,9.013471361003724,4563745.681890672,1.6617364163177452e-44,100.80588100215547,2.9027429953217504e-05,1,-2.605225625488723e-06,29.027429953217506
Gemma4-E4B,non_thinking,19,30,3,3,3,32,0.26666666666666666,0.26666666666666666,0.36666666666666664,0.36666666666666664,0.36666666666666664,102375592.19905475,1.380686640739441,0.6589537858963013,9.027836551722531,4865536.126938707,1.1502572552411323e-42,96.56858828818224,2.7405322246253488e-05,1,-2.6878944523992743e-06,27.40532224625349
Gemma4-E4B,native_thinking,19,30,3,3,3,32,0.5333333333333333,0.5333333333333333,0.5,0.5,0.43333333333333335,202285560.31280646,1.2394782304763794,0.4692256450653076,9.04279961203343,4800420.9851596495,1.8816425231392469e-44,100.6815990138137,2.8491589874029158e-05,1,-8.401638840786491e-06,28.49158987402916
Gemma4-E4B,non_thinking,20,30,3,3,3,32,0.23333333333333334,0.23333333333333334,0.36666666666666664,0.3666666666666666,0.3333333333333333,79160454.94569208,1.297264814376831,0.675783097743988,9.01176582858252,6861493.862074748,5.442692605970102e-45,101.9220552819859,2.6884046904742716e-05,1,-5.1612111841335616e-06,26.884046904742718
Gemma4-E4B,native_thinking,20,30,3,3,3,32,0.4666666666666667,0.4666666666666666,0.5,0.5,0.36666666666666664,31385489.365347475,1.3231521844863892,0.43220070004463196,8.999581621680257,7028954.193720369,2.6089191843895687e-44,100.35480806176668,2.7958689138293264e-05,1,-2.4154093296609438e-05,27.958689138293266
Gemma4-E4B,non_thinking,21,30,3,3,3,32,0.26666666666666666,0.2666666666666667,0.3,0.3,0.4666666666666667,5455539.369439397,1.2265326976776123,0.6602084040641785,9.033655551924278,15958741.082218798,2.2013938246843112e-46,105.12982356129945,2.6860932335257528e-05,1,-1.1200556564548678e-05,26.86093233525753
Gemma4-E4B,native_thinking,21,30,3,3,3,32,0.5,0.5,0.5666666666666667,0.5666666666666667,0.3333333333333333,381373956.30874074,1.211746335029602,0.43383297324180603,9.037999630830718,5169767.314463836,2.5669897017074462e-45,102.67359529465186,2.6438479110598563e-05,1,-1.1074560258592153e-05,26.438479110598564
Gemma4-E4B,non_thinking,22,30,3,3,3,32,0.3333333333333333,0.3333333333333333,0.23333333333333334,0.2333333333333333,0.43333333333333335,26239035.217649203,1.1538724899291992,0.6302006840705872,9.016523280647176,17095553.901839387,2.0678633358872232e-47,107.4949835014186,2.503213410079479e-05,1,-1.1067404554265297e-05,25.032134100794792
Gemma4-E4B,native_thinking,22,30,3,3,3,32,0.6666666666666666,0.6666666666666667,0.6666666666666666,0.6666666666666666,0.16666666666666666,28919686.60356014,0.998368501663208,0.34498563408851624,9.134536715415706,5747048.674895359,1.0685462511067853e-47,108.15520028986512,2.6748801693320272e-05,1,-2.7991917419510162e-06,26.748801693320274
Gemma4-E4B,non_thinking,23,30,3,3,3,32,0.26666666666666666,0.26666666666666666,0.23333333333333334,0.2333333333333333,0.5666666666666667,-178744394.51039663,1.309218406677246,0.6619501709938049,9.036957306165704,7800652.440245111,2.54958635103936e-44,100.37781296100468,2.5663290999829768e-05,1,-5.401394155856521e-06,25.66329099982977
Gemma4-E4B,native_thinking,23,30,3,3,3,32,0.5666666666666667,0.5666666666666667,0.5,0.5,0.3,106523559.40340155,1.5579450130462646,0.4011556804180145,9.000879905670157,2748850.86002653,1.9315709466297335e-44,100.6554104579243,3.581445334851742e-05,1,-4.759110162315618e-06,35.81445334851742
Gemma4-E4B,non_thinking,24,30,3,3,3,32,0.23333333333333334,0.23333333333333334,0.26666666666666666,0.26666666666666666,0.43333333333333335,-424229109.6015887,1.3288310766220093,0.6933473348617554,9.00149367651226,5146252.312279295,1.7923826845612548e-45,103.03278334132574,2.335836524888873e-05,1,-2.9742179634280484e-06,23.35836524888873
Gemma4-E4B,native_thinking,24,30,3,3,3,32,0.6333333333333333,0.6333333333333332,0.5333333333333333,0.5333333333333332,0.26666666666666666,-67692221.06586829,1.550258755683899,0.41566774249076843,9.036516500804174,3179023.3435257417,1.4783074253215332e-42,96.31767610395896,3.587547145783901e-05,1,-3.143075732898328e-06,35.87547145783901
Gemma4-E4B,non_thinking,25,30,3,3,3,32,0.3,0.3,0.26666666666666666,0.26666666666666666,0.5333333333333333,10793592.222474223,1.3147692680358887,0.7228586077690125,9.018832448510333,6655208.767591165,8.15734687797205e-46,103.81999529912217,2.044089277088642e-05,1,-2.499333819416584e-06,20.44089277088642
Gemma4-E4B,native_thinking,25,30,3,3,3,32,0.7,0.7,0.5666666666666667,0.5666666666666667,0.4,-31211444.456729054,1.5657408237457275,0.40532276034355164,9.012065893259884,3375036.2986806445,1.870935967535717e-42,96.0821350827017,3.5976085633039473e-05,1,-1.1633523028765776e-06,35.976085633039474
Gemma4-E4B,non_thinking,26,30,3,3,3,32,0.26666666666666666,0.2666666666666667,0.26666666666666666,0.26666666666666666,0.5666666666666667,1944543.9734766572,1.3044265508651733,0.6984217762947083,9.001082024829664,4653196.336439608,1.1650039868181875e-45,103.46360467555871,2.1106715071946382e-05,1,-2.5518830120278935e-06,21.106715071946383
Gemma4-E4B,native_thinking,26,30,3,3,3,32,0.6333333333333333,0.6333333333333332,0.5333333333333333,0.5333333333333332,0.43333333333333335,250641781.33559078,1.5922514200210571,0.37959912419319153,9.006076860795158,3710268.165183787,2.2239849901601074e-43,98.21185837140713,3.642353941500187e-05,1,-2.1236340398761215e-06,36.42353941500187
Gemma4-E4B,non_thinking,27,30,3,3,3,32,0.3,0.3,0.23333333333333334,0.2333333333333333,0.43333333333333335,38520644.28379627,1.3675395250320435,0.7558560371398926,9.000124540685086,8504537.490903735,2.4324017104284827e-46,105.030035150277,1.9551352597773075e-05,1,-3.7521297008971415e-06,19.551352597773075
Gemma4-E4B,native_thinking,27,30,3,3,3,32,0.43333333333333335,0.4333333333333333,0.5,0.4999999999999999,0.4666666666666667,8659313.520445803,1.5192993879318237,0.37274864315986633,9.024791892152745,3468272.4560264684,4.6656913481488885e-43,97.47092297646493,3.466980085149407e-05,1,-3.5826737307479545e-06,34.669800851494074
Gemma4-E4B,non_thinking,28,30,3,3,3,32,0.36666666666666664,0.3666666666666667,0.3,0.29999999999999993,0.4,-12704634.35682433,1.3033963441848755,0.7312192916870117,9.006534379396063,6527735.518280002,5.3587742636238335e-46,104.24017901095488,1.8198778565973042e-05,1,-2.1054777203078555e-06,18.198778565973043
Gemma4-E4B,native_thinking,28,30,3,3,3,32,0.43333333333333335,0.4333333333333333,0.43333333333333335,0.4333333333333333,0.4,62965260.068929136,1.5118496417999268,0.35834503173828125,9.025821140269738,3120510.7698312444,1.7668827236105373e-44,100.74452727094231,3.479849695786834e-05,1,-4.2515822875391635e-06,34.79849695786834
Gemma4-E4B,non_thinking,29,30,3,3,3,32,0.23333333333333334,0.2333333333333333,0.26666666666666666,0.26666666666666666,0.43333333333333335,-15585650088.891537,1.3447277545928955,0.6976958513259888,9.008360165858859,6103366.451101617,6.529949649381395e-46,104.04251504512884,1.562622460722923e-05,1,-2.680443819642096e-06,15.626224607229233
Gemma4-E4B,native_thinking,29,30,3,3,3,32,0.5333333333333333,0.5333333333333333,0.6,0.6,0.5333333333333333,95974624.97788577,1.5042808055877686,0.3496266007423401,9.013513216785423,2793084.889204172,1.3965486027824852e-41,94.07198490367699,3.7021454732865095e-05,1,-4.0376835809050425e-06,37.021454732865095
Gemma4-E4B,non_thinking,30,30,3,3,3,32,0.23333333333333334,0.23333333333333334,0.23333333333333334,0.2333333333333333,0.5,-24497213.52656689,1.3440483808517456,0.719053328037262,8.999503665781788,5678375.366708933,2.1501487463531823e-45,102.8507921606353,1.6201577585190534e-05,1,-1.7444245115272529e-06,16.201577585190535
Gemma4-E4B,native_thinking,30,30,3,3,3,32,0.4666666666666667,0.4666666666666667,0.43333333333333335,0.4333333333333333,0.4666666666666667,66372601.59054247,1.4207267761230469,0.36495837569236755,9.017383388647152,2069162.131770671,4.546130183430713e-41,92.89171245081722,3.7455498240888115e-05,1,-5.440173186109562e-06,37.45549824088812
Gemma4-E4B,non_thinking,31,30,3,3,3,32,0.3333333333333333,0.3333333333333333,0.23333333333333334,0.2333333333333333,0.36666666666666664,-285564445.98434603,1.3869956731796265,0.7358598709106445,9.002167857929297,4157921.204608963,1.1145967562292203e-43,98.9026663128504,1.4924429431557655e-05,1,-8.255061242002628e-07,14.924429431557655
Gemma4-E4B,native_thinking,31,30,3,3,3,32,0.5333333333333333,0.5333333333333333,0.5,0.5,0.5666666666666667,217518933.3035825,1.3747444152832031,0.365826815366745,9.00027842694919,1436623.3987049863,3.997010905787708e-40,90.71785691154307,3.806762713938951e-05,1,-2.162565876377058e-06,38.067627139389515
Gemma4-E4B,non_thinking,32,30,3,3,3,32,0.2,0.19999999999999998,0.23333333333333334,0.2333333333333333,0.43333333333333335,-211660992.6295321,1.4160873889923096,0.6757338047027588,9.02716161561383,3175884.044633545,5.832119819372908e-43,97.24777845908869,1.6758772645145653e-05,1,-1.7335726790996942e-06,16.758772645145655
Gemma4-E4B,native_thinking,32,30,3,3,3,32,0.6,0.5999999999999999,0.4666666666666667,0.4666666666666666,0.5666666666666667,-49238790.02449044,1.3929837942123413,0.3974117338657379,9.009831118235946,2185523.310847285,4.4875280357795015e-39,88.29951662544543,4.046880828589201e-05,1,-8.580901808247578e-06,40.46880828589201
Gemma4-E4B,non_thinking,33,30,3,3,3,32,0.23333333333333334,0.23333333333333334,0.26666666666666666,0.2666666666666667,0.26666666666666666,904969022.7113936,1.4303573369979858,0.6768875122070312,9.006334207403372,5005180.731182563,1.4379258985817004e-44,100.95054236465586,1.7403936743736266e-05,1,-2.5148056556585147e-06,17.403936743736267
Gemma4-E4B,native_thinking,33,30,3,3,3,32,0.7,0.7,0.43333333333333335,0.4333333333333333,0.4666666666666667,-2075817.2072505807,1.3815382719039917,0.4030701220035553,9.007931118662817,1799155.7298822324,7.628928480608588e-40,90.07145631937213,3.966118877753615e-05,1,-6.060549162891637e-06,39.661188777536154
Gemma4-E4B,non_thinking,34,30,3,3,3,32,0.23333333333333334,0.23333333333333334,0.26666666666666666,0.2666666666666667,0.26666666666666666,-17995014.280755837,1.4357298612594604,0.6773181557655334,9.007467151222981,5135348.233023987,4.021534669834355e-44,99.92208050329312,1.70338103659451e-05,1,-2.4691313324843618e-06,17.0338103659451
Gemma4-E4B,native_thinking,34,30,3,3,3,32,0.6333333333333333,0.6333333333333333,0.5,0.5,0.4666666666666667,-75243475.18419473,1.3964056968688965,0.41160091757774353,9.011301451147165,2245750.044918098,1.4506903266182803e-39,89.42877909630596,3.81791887562722e-05,1,-4.6932110636972346e-06,38.1791887562722
Gemma4-E4B,non_thinking,35,30,3,3,3,32,0.3,0.3,0.26666666666666666,0.2666666666666667,0.3333333333333333,-337284992.0070611,1.4222609996795654,0.6610839366912842,9.011150421652793,5890731.384406417,2.134674010448201e-44,100.55543014503013,1.752588615939021e-05,1,-2.18614864726322e-06,17.52588615939021
Gemma4-E4B,native_thinking,35,30,3,3,3,32,0.6666666666666666,0.6666666666666667,0.5,0.5,0.3333333333333333,41698692.1958485,1.404563069343567,0.43696850538253784,9.010316079991009,3309760.0308384337,2.1630462040951104e-39,89.02930111890845,3.780267757922411e-05,1,-5.032903183184247e-06,37.80267757922411
Gemma4-E4B,non_thinking,36,30,3,3,3,32,0.26666666666666666,0.2666666666666667,0.26666666666666666,0.2666666666666667,0.3333333333333333,-205226716.21580416,1.44747793674469,0.6813725829124451,9.009176646297902,8245402.237162886,2.1210576484236408e-44,100.56182923669284,1.785489448904991e-05,1,-5.764797288722804e-06,17.85489448904991
Gemma4-E4B,native_thinking,36,30,3,3,3,32,0.7,0.7,0.4666666666666667,0.4666666666666666,0.3333333333333333,62481682.726004936,1.4027255773544312,0.4493657350540161,9.020493245227152,2795493.2106736405,4.988840425863927e-38,85.89103003060102,3.859371656179428e-05,1,-8.07629004931708e-06,38.59371656179428
Gemma4-E4B,non_thinking,37,30,3,3,3,32,0.23333333333333334,0.23333333333333334,0.26666666666666666,0.2666666666666667,0.23333333333333334,565043456.8393643,1.4290486574172974,0.6722996830940247,9.000145788961493,8641788.91157699,1.3216635189276037e-44,101.03485290696582,1.832431922480464e-05,1,-8.252074146972855e-06,18.32431922480464
Gemma4-E4B,native_thinking,37,30,3,3,3,32,0.7,0.7,0.4666666666666667,0.4666666666666666,0.4666666666666667,472921745.06522405,1.3933604955673218,0.4603894352912903,9.038708346444018,2715564.9553686567,1.1490612761756767e-36,82.75411802033608,3.8575336057692764e-05,1,-5.364520319648133e-06,38.575336057692766
Gemma4-E4B,non_thinking,38,30,3,3,3,32,0.2,0.19999999999999998,0.23333333333333334,0.2333333333333333,0.3,86655071.52459821,1.4329159259796143,0.6989911794662476,9.02056658108674,13298585.199365407,1.0594167522583589e-44,101.25602556876669,1.8101352263242005e-05,1,-8.388705482954395e-06,18.101352263242006
Gemma4-E4B,native_thinking,38,30,3,3,3,32,0.6666666666666666,0.6666666666666667,0.5,0.5,0.43333333333333335,76032948.31370354,1.387412190437317,0.4490738809108734,9.005063306442716,2199842.5107038426,2.5815621081367792e-36,81.94466866380401,3.8734620824456214e-05,1,-2.296075555775033e-06,38.734620824456215
Gemma4-E4B,non_thinking,39,30,3,3,3,32,0.23333333333333334,0.23333333333333334,0.23333333333333334,0.2333333333333333,0.3,5979726.709493716,1.4396331310272217,0.7091388702392578,9.002290967877958,8728557.489032952,1.701141395338625e-44,100.78244465694732,1.7873567774891853e-05,1,-3.57638991753091e-06,17.873567774891853
Gemma4-E4B,native_thinking,39,30,3,3,3,32,0.6333333333333333,0.6333333333333333,0.43333333333333335,0.4333333333333333,0.5333333333333333,-75088337.71679607,1.3860325813293457,0.4593970775604248,9.046556452981353,2072166.9986159794,5.951253607201267e-37,83.4120465531283,3.770009341090918e-05,1,-1.2825819858103676e-06,37.700093410909176
Gemma4-E4B,non_thinking,40,30,3,3,3,32,0.2,0.19999999999999998,0.23333333333333334,0.2333333333333333,0.3,-260348996.29022303,1.4370092153549194,0.7387359142303467,9.010241191945374,10664682.359004261,6.322841003904449e-45,101.77216055164556,1.756797157227993e-05,1,-3.3492912409454068e-06,17.56797157227993
Gemma4-E4B,native_thinking,40,30,3,3,3,32,0.7,0.7,0.4666666666666667,0.4666666666666666,0.6333333333333333,2318780144.853119,1.4066940546035767,0.45798712968826294,9.000734823616206,1897071.3127234601,5.279082571924137e-37,83.53189611347612,3.689612289145589e-05,1,-4.156254728109278e-06,36.89612289145589
Gemma4-E4B,non_thinking,41,30,3,3,3,32,0.2,0.19999999999999998,0.2,0.19999999999999998,0.26666666666666666,99975083.2869592,1.4905662536621094,0.7888290882110596,9.007347313938924,6877761.908995561,3.688220668341731e-44,100.0085999536846,1.5402366831898688e-05,1,-1.8137160445733783e-06,15.40236683189869
Gemma4-E4B,native_thinking,41,30,3,3,3,32,0.5666666666666667,0.5666666666666667,0.43333333333333335,0.4333333333333333,0.5666666666666667,-83549895.53605719,1.406156301498413,0.4722996950149536,8.996645475429329,1708427.5489830498,2.7756906896595374e-37,84.17474882737645,3.8200421404093505e-05,1,-4.944171498939615e-06,38.200421404093504
