registered_bank_size,evaluation_scope,analysis_population,grammar_class,arm,metric,mean,ci95_low,ci95_high,n_seeds,n_anchor_units,anchor_weighted_mean,mean_equalized_strata_per_seed
1,confirmation,all_examples,pooled,clean,failure_rate,0.03333333333333333,0.0,0.07777777777777778,10,90,0.03333333333333333,1.0
1,confirmation,all_examples,pooled,selected_bank,failure_rate,0.4444444444444445,0.3555555555555555,0.5444444444444445,10,90,0.4444444444444444,1.0
1,confirmation,all_examples,pooled,layer_matched_random_mean,failure_rate,0.04814814814814815,0.011111111111111113,0.10370370370370371,10,90,0.04814814814814815,1.0
1,confirmation,all_examples,pooled,layer_matched_random_repeat_1,failure_rate,0.03333333333333333,0.0,0.08888888888888888,10,90,0.03333333333333333,1.0
1,confirmation,all_examples,pooled,layer_matched_random_repeat_2,failure_rate,0.06666666666666668,0.02222222222222222,0.11111111111111112,10,90,0.06666666666666667,1.0
1,confirmation,all_examples,pooled,layer_matched_random_repeat_3,failure_rate,0.04444444444444444,0.0,0.1222222222222222,10,90,0.044444444444444446,1.0
1,confirmation,all_examples,macro_primary_grammars,clean,failure_rate,0.04722222222222222,0.0,0.11666666666666665,10,89,0.033707865168539325,2.0
1,confirmation,all_examples,macro_primary_grammars,selected_bank,failure_rate,0.4770436507936508,0.3556547619047619,0.5930178571428572,10,89,0.449438202247191,2.0
1,confirmation,all_examples,macro_primary_grammars,layer_matched_random_mean,failure_rate,0.05886243386243387,0.007539682539682541,0.1301587301587302,10,89,0.04868913857677902,2.0
1,confirmation,all_examples,macro_primary_grammars,layer_matched_random_repeat_1,failure_rate,0.04722222222222222,0.0,0.11666666666666665,10,89,0.033707865168539325,2.0
1,confirmation,all_examples,macro_primary_grammars,layer_matched_random_repeat_2,failure_rate,0.07103174603174603,0.022619047619047615,0.13055555555555556,10,89,0.06741573033707865,2.0
1,confirmation,all_examples,macro_primary_grammars,layer_matched_random_repeat_3,failure_rate,0.05833333333333333,0.0,0.14166666666666666,10,89,0.0449438202247191,2.0
1,confirmation,all_examples,adjacent_rank_after_city,clean,failure_rate,0.05555555555555555,0.0,0.16666666666666666,9,30,0.03333333333333333,1.0
1,confirmation,all_examples,adjacent_rank_after_city,selected_bank,failure_rate,0.5370370370370371,0.3148148148148148,0.7592592592592593,9,30,0.5666666666666667,1.0
1,confirmation,all_examples,adjacent_rank_after_city,layer_matched_random_mean,failure_rate,0.06790123456790124,0.0,0.17901234567901236,9,30,0.055555555555555566,1.0
1,confirmation,all_examples,adjacent_rank_after_city,layer_matched_random_repeat_1,failure_rate,0.05555555555555555,0.0,0.16666666666666666,9,30,0.03333333333333333,1.0
1,confirmation,all_examples,adjacent_rank_after_city,layer_matched_random_repeat_2,failure_rate,0.09259259259259259,0.0,0.2222222222222222,9,30,0.1,1.0
1,confirmation,all_examples,adjacent_rank_after_city,layer_matched_random_repeat_3,failure_rate,0.05555555555555555,0.0,0.16666666666666666,9,30,0.03333333333333333,1.0
1,confirmation,all_examples,adjacent_rank_before_city,clean,failure_rate,0.0,0.0,0.0,1,1,0.0,1.0
1,confirmation,all_examples,adjacent_rank_before_city,selected_bank,failure_rate,1.0,1.0,1.0,1,1,1.0,1.0
1,confirmation,all_examples,adjacent_rank_before_city,layer_matched_random_mean,failure_rate,0.0,0.0,0.0,1,1,0.0,1.0
1,confirmation,all_examples,adjacent_rank_before_city,layer_matched_random_repeat_1,failure_rate,0.0,0.0,0.0,1,1,0.0,1.0
1,confirmation,all_examples,adjacent_rank_before_city,layer_matched_random_repeat_2,failure_rate,0.0,0.0,0.0,1,1,0.0,1.0
1,confirmation,all_examples,adjacent_rank_before_city,layer_matched_random_repeat_3,failure_rate,0.0,0.0,0.0,1,1,0.0,1.0
1,confirmation,all_examples,same_unit_rank_before_city,clean,failure_rate,0.02222222222222222,0.0,0.06666666666666667,10,58,0.034482758620689655,1.0
1,confirmation,all_examples,same_unit_rank_before_city,selected_bank,failure_rate,0.3763095238095238,0.2738095238095238,0.4870238095238095,10,58,0.3793103448275862,1.0
1,confirmation,all_examples,same_unit_rank_before_city,layer_matched_random_mean,failure_rate,0.03068783068783069,0.0,0.08730158730158731,10,58,0.04597701149425288,1.0
1,confirmation,all_examples,same_unit_rank_before_city,layer_matched_random_repeat_1,failure_rate,0.02222222222222222,0.0,0.06666666666666667,10,58,0.034482758620689655,1.0
1,confirmation,all_examples,same_unit_rank_before_city,layer_matched_random_repeat_2,failure_rate,0.0365079365079365,0.0,0.0873015873015873,10,58,0.05172413793103448,1.0
1,confirmation,all_examples,same_unit_rank_before_city,layer_matched_random_repeat_3,failure_rate,0.03333333333333333,0.0,0.1,10,58,0.05172413793103448,1.0
1,confirmation,all_examples,structural_invariant_bullet,clean,failure_rate,0.0,0.0,0.0,1,1,0.0,1.0
1,confirmation,all_examples,structural_invariant_bullet,selected_bank,failure_rate,0.0,0.0,0.0,1,1,0.0,1.0
1,confirmation,all_examples,structural_invariant_bullet,layer_matched_random_mean,failure_rate,0.0,0.0,0.0,1,1,0.0,1.0
1,confirmation,all_examples,structural_invariant_bullet,layer_matched_random_repeat_1,failure_rate,0.0,0.0,0.0,1,1,0.0,1.0
1,confirmation,all_examples,structural_invariant_bullet,layer_matched_random_repeat_2,failure_rate,0.0,0.0,0.0,1,1,0.0,1.0
1,confirmation,all_examples,structural_invariant_bullet,layer_matched_random_repeat_3,failure_rate,0.0,0.0,0.0,1,1,0.0,1.0
1,confirmation,clean_correct_only,pooled,clean,failure_rate,0.0,0.0,0.0,10,87,0.0,1.0
1,confirmation,clean_correct_only,pooled,selected_bank,failure_rate,0.4279761904761904,0.346031746031746,0.5238095238095238,10,87,0.42528735632183906,1.0
1,confirmation,clean_correct_only,pooled,layer_matched_random_mean,failure_rate,0.015873015873015876,0.0037037037037037043,0.028042328042328046,10,87,0.015325670498084292,1.0
1,confirmation,clean_correct_only,pooled,layer_matched_random_repeat_1,failure_rate,0.0,0.0,0.0,10,87,0.0,1.0
1,confirmation,clean_correct_only,pooled,layer_matched_random_repeat_2,failure_rate,0.03333333333333333,0.0,0.06666666666666668,10,87,0.034482758620689655,1.0
1,confirmation,clean_correct_only,pooled,layer_matched_random_repeat_3,failure_rate,0.014285714285714285,0.0,0.04285714285714286,10,87,0.011494252873563218,1.0
1,confirmation,clean_correct_only,macro_primary_grammars,clean,failure_rate,0.0,0.0,0.0,10,86,0.0,2.0
1,confirmation,clean_correct_only,macro_primary_grammars,selected_bank,failure_rate,0.44251984126984134,0.3149960317460318,0.5664682539682538,10,86,0.43023255813953487,2.0
1,confirmation,clean_correct_only,macro_primary_grammars,layer_matched_random_mean,failure_rate,0.0126984126984127,0.002777777777777778,0.023412698412698413,10,86,0.01550387596899225,2.0
1,confirmation,clean_correct_only,macro_primary_grammars,layer_matched_random_repeat_1,failure_rate,0.0,0.0,0.0,10,86,0.0,2.0
1,confirmation,clean_correct_only,macro_primary_grammars,layer_matched_random_repeat_2,failure_rate,0.023809523809523808,0.0,0.047619047619047616,10,86,0.03488372093023256,2.0
1,confirmation,clean_correct_only,macro_primary_grammars,layer_matched_random_repeat_3,failure_rate,0.014285714285714285,0.0,0.04285714285714286,10,86,0.011627906976744186,2.0
1,confirmation,clean_correct_only,adjacent_rank_after_city,clean,failure_rate,0.0,0.0,0.0,9,29,0.0,1.0
1,confirmation,clean_correct_only,adjacent_rank_after_city,selected_bank,failure_rate,0.48148148148148157,0.2222222222222222,0.7222222222222222,9,29,0.5517241379310345,1.0
1,confirmation,clean_correct_only,adjacent_rank_after_city,layer_matched_random_mean,failure_rate,0.01234567901234568,0.0,0.0308641975308642,9,29,0.02298850574712644,1.0
1,confirmation,clean_correct_only,adjacent_rank_after_city,layer_matched_random_repeat_1,failure_rate,0.0,0.0,0.0,9,29,0.0,1.0
1,confirmation,clean_correct_only,adjacent_rank_after_city,layer_matched_random_repeat_2,failure_rate,0.037037037037037035,0.0,0.09259259259259259,9,29,0.06896551724137931,1.0
1,confirmation,clean_correct_only,adjacent_rank_after_city,layer_matched_random_repeat_3,failure_rate,0.0,0.0,0.0,9,29,0.0,1.0
1,confirmation,clean_correct_only,adjacent_rank_before_city,clean,failure_rate,0.0,0.0,0.0,1,1,0.0,1.0
1,confirmation,clean_correct_only,adjacent_rank_before_city,selected_bank,failure_rate,1.0,1.0,1.0,1,1,1.0,1.0
1,confirmation,clean_correct_only,adjacent_rank_before_city,layer_matched_random_mean,failure_rate,0.0,0.0,0.0,1,1,0.0,1.0
1,confirmation,clean_correct_only,adjacent_rank_before_city,layer_matched_random_repeat_1,failure_rate,0.0,0.0,0.0,1,1,0.0,1.0
1,confirmation,clean_correct_only,adjacent_rank_before_city,layer_matched_random_repeat_2,failure_rate,0.0,0.0,0.0,1,1,0.0,1.0
1,confirmation,clean_correct_only,adjacent_rank_before_city,layer_matched_random_repeat_3,failure_rate,0.0,0.0,0.0,1,1,0.0,1.0
1,confirmation,clean_correct_only,same_unit_rank_before_city,clean,failure_rate,0.0,0.0,0.0,10,56,0.0,1.0
1,confirmation,clean_correct_only,same_unit_rank_before_city,selected_bank,failure_rate,0.3667857142857143,0.275,0.46559523809523806,10,56,0.35714285714285715,1.0
1,confirmation,clean_correct_only,same_unit_rank_before_city,layer_matched_random_mean,failure_rate,0.009523809523809525,0.0,0.02380952380952381,10,56,0.011904761904761906,1.0
1,confirmation,clean_correct_only,same_unit_rank_before_city,layer_matched_random_repeat_1,failure_rate,0.0,0.0,0.0,10,56,0.0,1.0
1,confirmation,clean_correct_only,same_unit_rank_before_city,layer_matched_random_repeat_2,failure_rate,0.014285714285714285,0.0,0.04285714285714286,10,56,0.017857142857142856,1.0
1,confirmation,clean_correct_only,same_unit_rank_before_city,layer_matched_random_repeat_3,failure_rate,0.014285714285714285,0.0,0.04285714285714286,10,56,0.017857142857142856,1.0
1,confirmation,clean_correct_only,structural_invariant_bullet,clean,failure_rate,0.0,0.0,0.0,1,1,0.0,1.0
1,confirmation,clean_correct_only,structural_invariant_bullet,selected_bank,failure_rate,0.0,0.0,0.0,1,1,0.0,1.0
1,confirmation,clean_correct_only,structural_invariant_bullet,layer_matched_random_mean,failure_rate,0.0,0.0,0.0,1,1,0.0,1.0
1,confirmation,clean_correct_only,structural_invariant_bullet,layer_matched_random_repeat_1,failure_rate,0.0,0.0,0.0,1,1,0.0,1.0
1,confirmation,clean_correct_only,structural_invariant_bullet,layer_matched_random_repeat_2,failure_rate,0.0,0.0,0.0,1,1,0.0,1.0
1,confirmation,clean_correct_only,structural_invariant_bullet,layer_matched_random_repeat_3,failure_rate,0.0,0.0,0.0,1,1,0.0,1.0
2,confirmation,all_examples,pooled,clean,failure_rate,0.03333333333333333,0.0,0.07777777777777778,10,90,0.03333333333333333,1.0
2,confirmation,all_examples,pooled,selected_bank,failure_rate,0.5111111111111111,0.4333333333333333,0.5777777777777778,10,90,0.5111111111111111,1.0
2,confirmation,all_examples,pooled,layer_matched_random_mean,failure_rate,0.2111111111111111,0.13333333333333336,0.30000000000000004,10,90,0.2111111111111111,1.0
2,confirmation,all_examples,pooled,layer_matched_random_repeat_1,failure_rate,0.22222222222222224,0.14444444444444443,0.32222222222222224,10,90,0.2222222222222222,1.0
2,confirmation,all_examples,pooled,layer_matched_random_repeat_2,failure_rate,0.13333333333333336,0.06666666666666667,0.2111111111111111,10,90,0.13333333333333333,1.0
2,confirmation,all_examples,pooled,layer_matched_random_repeat_3,failure_rate,0.2777777777777778,0.16666666666666666,0.4,10,90,0.2777777777777778,1.0
2,confirmation,all_examples,macro_primary_grammars,clean,failure_rate,0.04722222222222222,0.0,0.11666666666666665,10,89,0.033707865168539325,2.0
2,confirmation,all_examples,macro_primary_grammars,selected_bank,failure_rate,0.5272420634920635,0.4130917658730158,0.6336334325396825,10,89,0.5168539325842697,2.0
2,confirmation,all_examples,macro_primary_grammars,layer_matched_random_mean,failure_rate,0.22619047619047622,0.14166666666666666,0.31806547619047604,10,89,0.21348314606741572,2.0
2,confirmation,all_examples,macro_primary_grammars,layer_matched_random_repeat_1,failure_rate,0.2231746031746032,0.13579166666666664,0.3241716269841269,10,89,0.2247191011235955,2.0
2,confirmation,all_examples,macro_primary_grammars,layer_matched_random_repeat_2,failure_rate,0.1588095238095238,0.07666666666666666,0.24166666666666664,10,89,0.1348314606741573,2.0
2,confirmation,all_examples,macro_primary_grammars,layer_matched_random_repeat_3,failure_rate,0.29658730158730157,0.1833333333333333,0.4214285714285714,10,89,0.2808988764044944,2.0
2,confirmation,all_examples,adjacent_rank_after_city,clean,failure_rate,0.05555555555555555,0.0,0.16666666666666666,9,30,0.03333333333333333,1.0
2,confirmation,all_examples,adjacent_rank_after_city,selected_bank,failure_rate,0.5925925925925926,0.35185185185185186,0.8148148148148148,9,30,0.6333333333333333,1.0
2,confirmation,all_examples,adjacent_rank_after_city,layer_matched_random_mean,failure_rate,0.22530864197530864,0.0925925925925926,0.36419753086419754,9,30,0.22222222222222224,1.0
2,confirmation,all_examples,adjacent_rank_after_city,layer_matched_random_repeat_1,failure_rate,0.21296296296296297,0.07407407407407407,0.3611111111111111,9,30,0.23333333333333334,1.0
2,confirmation,all_examples,adjacent_rank_after_city,layer_matched_random_repeat_2,failure_rate,0.2037037037037037,0.05555555555555555,0.35185185185185186,9,30,0.16666666666666666,1.0
2,confirmation,all_examples,adjacent_rank_after_city,layer_matched_random_repeat_3,failure_rate,0.2592592592592593,0.1111111111111111,0.4074074074074074,9,30,0.26666666666666666,1.0
2,confirmation,all_examples,adjacent_rank_before_city,clean,failure_rate,0.0,0.0,0.0,1,1,0.0,1.0
2,confirmation,all_examples,adjacent_rank_before_city,selected_bank,failure_rate,1.0,1.0,1.0,1,1,1.0,1.0
2,confirmation,all_examples,adjacent_rank_before_city,layer_matched_random_mean,failure_rate,0.0,0.0,0.0,1,1,0.0,1.0
2,confirmation,all_examples,adjacent_rank_before_city,layer_matched_random_repeat_1,failure_rate,0.0,0.0,0.0,1,1,0.0,1.0
2,confirmation,all_examples,adjacent_rank_before_city,layer_matched_random_repeat_2,failure_rate,0.0,0.0,0.0,1,1,0.0,1.0
2,confirmation,all_examples,adjacent_rank_before_city,layer_matched_random_repeat_3,failure_rate,0.0,0.0,0.0,1,1,0.0,1.0
2,confirmation,all_examples,same_unit_rank_before_city,clean,failure_rate,0.02222222222222222,0.0,0.06666666666666667,10,58,0.034482758620689655,1.0
2,confirmation,all_examples,same_unit_rank_before_city,selected_bank,failure_rate,0.4322619047619048,0.3452321428571428,0.5303571428571429,10,58,0.4482758620689655,1.0
2,confirmation,all_examples,same_unit_rank_before_city,layer_matched_random_mean,failure_rate,0.2273809523809524,0.14007936507936508,0.328968253968254,10,58,0.21264367816091956,1.0
2,confirmation,all_examples,same_unit_rank_before_city,layer_matched_random_repeat_1,failure_rate,0.2435714285714286,0.13095238095238096,0.36428571428571427,10,58,0.22413793103448276,1.0
2,confirmation,all_examples,same_unit_rank_before_city,layer_matched_random_repeat_2,failure_rate,0.1176190476190476,0.04285714285714286,0.20095238095238094,10,58,0.1206896551724138,1.0
2,confirmation,all_examples,same_unit_rank_before_city,layer_matched_random_repeat_3,failure_rate,0.32095238095238093,0.17857142857142855,0.4666666666666666,10,58,0.29310344827586204,1.0
2,confirmation,all_examples,structural_invariant_bullet,clean,failure_rate,0.0,0.0,0.0,1,1,0.0,1.0
2,confirmation,all_examples,structural_invariant_bullet,selected_bank,failure_rate,0.0,0.0,0.0,1,1,0.0,1.0
2,confirmation,all_examples,structural_invariant_bullet,layer_matched_random_mean,failure_rate,0.0,0.0,0.0,1,1,0.0,1.0
2,confirmation,all_examples,structural_invariant_bullet,layer_matched_random_repeat_1,failure_rate,0.0,0.0,0.0,1,1,0.0,1.0
2,confirmation,all_examples,structural_invariant_bullet,layer_matched_random_repeat_2,failure_rate,0.0,0.0,0.0,1,1,0.0,1.0
2,confirmation,all_examples,structural_invariant_bullet,layer_matched_random_repeat_3,failure_rate,0.0,0.0,0.0,1,1,0.0,1.0
2,confirmation,clean_correct_only,pooled,clean,failure_rate,0.0,0.0,0.0,10,87,0.0,1.0
2,confirmation,clean_correct_only,pooled,selected_bank,failure_rate,0.4946428571428571,0.4168650793650793,0.5644841269841269,10,87,0.4942528735632184,1.0
2,confirmation,clean_correct_only,pooled,layer_matched_random_mean,failure_rate,0.18505291005291008,0.12129629629629632,0.2671957671957672,10,87,0.1839080459770115,1.0
2,confirmation,clean_correct_only,pooled,layer_matched_random_repeat_1,failure_rate,0.193452380952381,0.11845238095238093,0.2888888888888889,10,87,0.19540229885057472,1.0
2,confirmation,clean_correct_only,pooled,layer_matched_random_repeat_2,failure_rate,0.10317460317460317,0.04444444444444444,0.1698809523809518,10,87,0.10344827586206896,1.0
2,confirmation,clean_correct_only,pooled,layer_matched_random_repeat_3,failure_rate,0.25853174603174606,0.14861111111111108,0.37142857142857144,10,87,0.25287356321839083,1.0
2,confirmation,clean_correct_only,macro_primary_grammars,clean,failure_rate,0.0,0.0,0.0,10,86,0.0,2.0
2,confirmation,clean_correct_only,macro_primary_grammars,selected_bank,failure_rate,0.49271825396825386,0.37069444444444444,0.6107182539682539,10,86,0.5,2.0
2,confirmation,clean_correct_only,macro_primary_grammars,layer_matched_random_mean,failure_rate,0.18531746031746033,0.11111111111111112,0.27361111111111114,10,86,0.18604651162790697,2.0
2,confirmation,clean_correct_only,macro_primary_grammars,layer_matched_random_repeat_1,failure_rate,0.1791269841269841,0.1,0.2864305555555555,10,86,0.19767441860465115,2.0
2,confirmation,clean_correct_only,macro_primary_grammars,layer_matched_random_repeat_2,failure_rate,0.11476190476190476,0.043333333333333335,0.19285714285714284,10,86,0.10465116279069768,2.0
2,confirmation,clean_correct_only,macro_primary_grammars,layer_matched_random_repeat_3,failure_rate,0.26206349206349205,0.15157936507936506,0.38087499999999996,10,86,0.2558139534883721,2.0
2,confirmation,clean_correct_only,adjacent_rank_after_city,clean,failure_rate,0.0,0.0,0.0,9,29,0.0,1.0
2,confirmation,clean_correct_only,adjacent_rank_after_city,selected_bank,failure_rate,0.537037037037037,0.25925925925925924,0.7962962962962963,9,29,0.6206896551724138,1.0
2,confirmation,clean_correct_only,adjacent_rank_after_city,layer_matched_random_mean,failure_rate,0.1697530864197531,0.04938271604938272,0.2993827160493827,9,29,0.19540229885057472,1.0
2,confirmation,clean_correct_only,adjacent_rank_after_city,layer_matched_random_repeat_1,failure_rate,0.1574074074074074,0.037037037037037035,0.2962962962962963,9,29,0.20689655172413793,1.0
2,confirmation,clean_correct_only,adjacent_rank_after_city,layer_matched_random_repeat_2,failure_rate,0.14814814814814814,0.037037037037037035,0.2962962962962963,9,29,0.13793103448275862,1.0
2,confirmation,clean_correct_only,adjacent_rank_after_city,layer_matched_random_repeat_3,failure_rate,0.2037037037037037,0.05555555555555555,0.37037037037037035,9,29,0.2413793103448276,1.0
2,confirmation,clean_correct_only,adjacent_rank_before_city,clean,failure_rate,0.0,0.0,0.0,1,1,0.0,1.0
2,confirmation,clean_correct_only,adjacent_rank_before_city,selected_bank,failure_rate,1.0,1.0,1.0,1,1,1.0,1.0
2,confirmation,clean_correct_only,adjacent_rank_before_city,layer_matched_random_mean,failure_rate,0.0,0.0,0.0,1,1,0.0,1.0
2,confirmation,clean_correct_only,adjacent_rank_before_city,layer_matched_random_repeat_1,failure_rate,0.0,0.0,0.0,1,1,0.0,1.0
2,confirmation,clean_correct_only,adjacent_rank_before_city,layer_matched_random_repeat_2,failure_rate,0.0,0.0,0.0,1,1,0.0,1.0
2,confirmation,clean_correct_only,adjacent_rank_before_city,layer_matched_random_repeat_3,failure_rate,0.0,0.0,0.0,1,1,0.0,1.0
2,confirmation,clean_correct_only,same_unit_rank_before_city,clean,failure_rate,0.0,0.0,0.0,10,56,0.0,1.0
2,confirmation,clean_correct_only,same_unit_rank_before_city,selected_bank,failure_rate,0.4227380952380952,0.34285714285714286,0.5132142857142857,10,56,0.42857142857142855,1.0
2,confirmation,clean_correct_only,same_unit_rank_before_city,layer_matched_random_mean,failure_rate,0.2115079365079365,0.13690476190476192,0.3095238095238095,10,56,0.18452380952380953,1.0
2,confirmation,clean_correct_only,same_unit_rank_before_city,layer_matched_random_repeat_1,failure_rate,0.22452380952380951,0.11619047619047618,0.351672619047619,10,56,0.19642857142857142,1.0
2,confirmation,clean_correct_only,same_unit_rank_before_city,layer_matched_random_repeat_2,failure_rate,0.09857142857142856,0.03428571428571429,0.16857142857142857,10,56,0.08928571428571429,1.0
2,confirmation,clean_correct_only,same_unit_rank_before_city,layer_matched_random_repeat_3,failure_rate,0.31142857142857144,0.1757142857142857,0.44714285714285706,10,56,0.26785714285714285,1.0
2,confirmation,clean_correct_only,structural_invariant_bullet,clean,failure_rate,0.0,0.0,0.0,1,1,0.0,1.0
2,confirmation,clean_correct_only,structural_invariant_bullet,selected_bank,failure_rate,0.0,0.0,0.0,1,1,0.0,1.0
2,confirmation,clean_correct_only,structural_invariant_bullet,layer_matched_random_mean,failure_rate,0.0,0.0,0.0,1,1,0.0,1.0
2,confirmation,clean_correct_only,structural_invariant_bullet,layer_matched_random_repeat_1,failure_rate,0.0,0.0,0.0,1,1,0.0,1.0
2,confirmation,clean_correct_only,structural_invariant_bullet,layer_matched_random_repeat_2,failure_rate,0.0,0.0,0.0,1,1,0.0,1.0
2,confirmation,clean_correct_only,structural_invariant_bullet,layer_matched_random_repeat_3,failure_rate,0.0,0.0,0.0,1,1,0.0,1.0
4,confirmation,all_examples,pooled,clean,failure_rate,0.03333333333333333,0.0,0.07777777777777778,10,90,0.03333333333333333,1.0
4,confirmation,all_examples,pooled,selected_bank,failure_rate,0.6,0.4999999999999999,0.7,10,90,0.6,1.0
4,confirmation,all_examples,pooled,layer_matched_random_mean,failure_rate,0.0925925925925926,0.044444444444444446,0.14814814814814817,10,90,0.0925925925925926,1.0
4,confirmation,all_examples,pooled,layer_matched_random_repeat_1,failure_rate,0.05555555555555556,0.01111111111111111,0.1,10,90,0.05555555555555555,1.0
4,confirmation,all_examples,pooled,layer_matched_random_repeat_2,failure_rate,0.08888888888888889,0.03333333333333333,0.15555555555555556,10,90,0.08888888888888889,1.0
4,confirmation,all_examples,pooled,layer_matched_random_repeat_3,failure_rate,0.13333333333333333,0.06666666666666667,0.2111111111111111,10,90,0.13333333333333333,1.0
4,confirmation,all_examples,macro_primary_grammars,clean,failure_rate,0.04722222222222222,0.0,0.11666666666666665,10,89,0.033707865168539325,2.0
4,confirmation,all_examples,macro_primary_grammars,selected_bank,failure_rate,0.6480753968253967,0.544047619047619,0.747283234126984,10,89,0.6067415730337079,2.0
4,confirmation,all_examples,macro_primary_grammars,layer_matched_random_mean,failure_rate,0.10262566137566138,0.047996031746031745,0.16481646825396823,10,89,0.09363295880149815,2.0
4,confirmation,all_examples,macro_primary_grammars,layer_matched_random_repeat_1,failure_rate,0.06436507936507936,0.01,0.12595238095238095,10,89,0.056179775280898875,2.0
4,confirmation,all_examples,macro_primary_grammars,layer_matched_random_repeat_2,failure_rate,0.10595238095238094,0.03333333333333333,0.18095238095238092,10,89,0.0898876404494382,2.0
4,confirmation,all_examples,macro_primary_grammars,layer_matched_random_repeat_3,failure_rate,0.1375595238095238,0.059226190476190474,0.22422619047619047,10,89,0.1348314606741573,2.0
4,confirmation,all_examples,adjacent_rank_after_city,clean,failure_rate,0.05555555555555555,0.0,0.16666666666666666,9,30,0.03333333333333333,1.0
4,confirmation,all_examples,adjacent_rank_after_city,selected_bank,failure_rate,0.7962962962962963,0.6296296296296295,0.9444444444444444,9,30,0.7666666666666667,1.0
4,confirmation,all_examples,adjacent_rank_after_city,layer_matched_random_mean,failure_rate,0.09876543209876543,0.01851851851851852,0.21003086419752864,9,30,0.07777777777777778,1.0
4,confirmation,all_examples,adjacent_rank_after_city,layer_matched_random_repeat_1,failure_rate,0.05555555555555555,0.0,0.16666666666666666,9,30,0.03333333333333333,1.0
4,confirmation,all_examples,adjacent_rank_after_city,layer_matched_random_repeat_2,failure_rate,0.1111111111111111,0.0,0.2777777777777778,9,30,0.06666666666666667,1.0
4,confirmation,all_examples,adjacent_rank_after_city,layer_matched_random_repeat_3,failure_rate,0.12962962962962962,0.0,0.2777777777777778,9,30,0.13333333333333333,1.0
4,confirmation,all_examples,adjacent_rank_before_city,clean,failure_rate,0.0,0.0,0.0,1,1,0.0,1.0
4,confirmation,all_examples,adjacent_rank_before_city,selected_bank,failure_rate,1.0,1.0,1.0,1,1,1.0,1.0
4,confirmation,all_examples,adjacent_rank_before_city,layer_matched_random_mean,failure_rate,0.0,0.0,0.0,1,1,0.0,1.0
4,confirmation,all_examples,adjacent_rank_before_city,layer_matched_random_repeat_1,failure_rate,0.0,0.0,0.0,1,1,0.0,1.0
4,confirmation,all_examples,adjacent_rank_before_city,layer_matched_random_repeat_2,failure_rate,0.0,0.0,0.0,1,1,0.0,1.0
4,confirmation,all_examples,adjacent_rank_before_city,layer_matched_random_repeat_3,failure_rate,0.0,0.0,0.0,1,1,0.0,1.0
4,confirmation,all_examples,same_unit_rank_before_city,clean,failure_rate,0.02222222222222222,0.0,0.06666666666666667,10,58,0.034482758620689655,1.0
4,confirmation,all_examples,same_unit_rank_before_city,selected_bank,failure_rate,0.5072619047619047,0.3834494047619048,0.6263095238095238,10,58,0.5172413793103449,1.0
4,confirmation,all_examples,same_unit_rank_before_city,layer_matched_random_mean,failure_rate,0.0922883597883598,0.03333333333333334,0.15735582010582008,10,58,0.10344827586206896,1.0
4,confirmation,all_examples,same_unit_rank_before_city,layer_matched_random_repeat_1,failure_rate,0.05650793650793651,0.0,0.11523809523809522,10,58,0.06896551724137931,1.0
4,confirmation,all_examples,same_unit_rank_before_city,layer_matched_random_repeat_2,failure_rate,0.09523809523809523,0.0,0.19047619047619047,10,58,0.10344827586206896,1.0
4,confirmation,all_examples,same_unit_rank_before_city,layer_matched_random_repeat_3,failure_rate,0.12511904761904763,0.039285714285714285,0.21833333333333335,10,58,0.13793103448275862,1.0
4,confirmation,all_examples,structural_invariant_bullet,clean,failure_rate,0.0,0.0,0.0,1,1,0.0,1.0
4,confirmation,all_examples,structural_invariant_bullet,selected_bank,failure_rate,0.0,0.0,0.0,1,1,0.0,1.0
4,confirmation,all_examples,structural_invariant_bullet,layer_matched_random_mean,failure_rate,0.0,0.0,0.0,1,1,0.0,1.0
4,confirmation,all_examples,structural_invariant_bullet,layer_matched_random_repeat_1,failure_rate,0.0,0.0,0.0,1,1,0.0,1.0
4,confirmation,all_examples,structural_invariant_bullet,layer_matched_random_repeat_2,failure_rate,0.0,0.0,0.0,1,1,0.0,1.0
4,confirmation,all_examples,structural_invariant_bullet,layer_matched_random_repeat_3,failure_rate,0.0,0.0,0.0,1,1,0.0,1.0
4,confirmation,clean_correct_only,pooled,clean,failure_rate,0.0,0.0,0.0,10,87,0.0,1.0
4,confirmation,clean_correct_only,pooled,selected_bank,failure_rate,0.5849206349206348,0.48650793650793644,0.6833333333333332,10,87,0.5862068965517241,1.0
4,confirmation,clean_correct_only,pooled,layer_matched_random_mean,failure_rate,0.06137566137566138,0.030158730158730163,0.09312169312169313,10,87,0.06130268199233717,1.0
4,confirmation,clean_correct_only,pooled,layer_matched_random_repeat_1,failure_rate,0.02222222222222222,0.0,0.05555555555555556,10,87,0.022988505747126436,1.0
4,confirmation,clean_correct_only,pooled,layer_matched_random_repeat_2,failure_rate,0.05873015873015872,0.01111111111111111,0.11111111111111109,10,87,0.05747126436781609,1.0
4,confirmation,clean_correct_only,pooled,layer_matched_random_repeat_3,failure_rate,0.10317460317460317,0.04444444444444444,0.17301587301587298,10,87,0.10344827586206896,1.0
4,confirmation,clean_correct_only,macro_primary_grammars,clean,failure_rate,0.0,0.0,0.0,10,86,0.0,2.0
4,confirmation,clean_correct_only,macro_primary_grammars,selected_bank,failure_rate,0.6135515873015873,0.48934374999999997,0.7351230158730159,10,86,0.5930232558139535,2.0
4,confirmation,clean_correct_only,macro_primary_grammars,layer_matched_random_mean,failure_rate,0.057519841269841276,0.029439484126984133,0.08646875,10,86,0.062015503875969,2.0
4,confirmation,clean_correct_only,macro_primary_grammars,layer_matched_random_repeat_1,failure_rate,0.017142857142857144,0.0,0.041428571428571426,10,86,0.023255813953488372,2.0
4,confirmation,clean_correct_only,macro_primary_grammars,layer_matched_random_repeat_2,failure_rate,0.06190476190476189,0.016666666666666666,0.10952380952380954,10,86,0.05813953488372093,2.0
4,confirmation,clean_correct_only,macro_primary_grammars,layer_matched_random_repeat_3,failure_rate,0.09351190476190477,0.030952380952380953,0.17303571428571426,10,86,0.10465116279069768,2.0
4,confirmation,clean_correct_only,adjacent_rank_after_city,clean,failure_rate,0.0,0.0,0.0,9,29,0.0,1.0
4,confirmation,clean_correct_only,adjacent_rank_after_city,selected_bank,failure_rate,0.7407407407407408,0.48148148148148157,0.9629629629629629,9,29,0.7586206896551724,1.0
4,confirmation,clean_correct_only,adjacent_rank_after_city,layer_matched_random_mean,failure_rate,0.04320987654320988,0.0,0.09259259259259262,9,29,0.04597701149425288,1.0
4,confirmation,clean_correct_only,adjacent_rank_after_city,layer_matched_random_repeat_1,failure_rate,0.0,0.0,0.0,9,29,0.0,1.0
4,confirmation,clean_correct_only,adjacent_rank_after_city,layer_matched_random_repeat_2,failure_rate,0.05555555555555555,0.0,0.16666666666666666,9,29,0.034482758620689655,1.0
4,confirmation,clean_correct_only,adjacent_rank_after_city,layer_matched_random_repeat_3,failure_rate,0.07407407407407407,0.0,0.1851851851851852,9,29,0.10344827586206896,1.0
4,confirmation,clean_correct_only,adjacent_rank_before_city,clean,failure_rate,0.0,0.0,0.0,1,1,0.0,1.0
4,confirmation,clean_correct_only,adjacent_rank_before_city,selected_bank,failure_rate,1.0,1.0,1.0,1,1,1.0,1.0
4,confirmation,clean_correct_only,adjacent_rank_before_city,layer_matched_random_mean,failure_rate,0.0,0.0,0.0,1,1,0.0,1.0
4,confirmation,clean_correct_only,adjacent_rank_before_city,layer_matched_random_repeat_1,failure_rate,0.0,0.0,0.0,1,1,0.0,1.0
4,confirmation,clean_correct_only,adjacent_rank_before_city,layer_matched_random_repeat_2,failure_rate,0.0,0.0,0.0,1,1,0.0,1.0
4,confirmation,clean_correct_only,adjacent_rank_before_city,layer_matched_random_repeat_3,failure_rate,0.0,0.0,0.0,1,1,0.0,1.0
4,confirmation,clean_correct_only,same_unit_rank_before_city,clean,failure_rate,0.0,0.0,0.0,10,56,0.0,1.0
4,confirmation,clean_correct_only,same_unit_rank_before_city,selected_bank,failure_rate,0.4977380952380952,0.3791666666666667,0.6121547619047618,10,56,0.5,1.0
4,confirmation,clean_correct_only,same_unit_rank_before_city,layer_matched_random_mean,failure_rate,0.07218253968253968,0.029166666666666674,0.1200019841269841,10,56,0.07142857142857142,1.0
4,confirmation,clean_correct_only,same_unit_rank_before_city,layer_matched_random_repeat_1,failure_rate,0.03428571428571429,0.0,0.08285714285714285,10,56,0.03571428571428571,1.0
4,confirmation,clean_correct_only,same_unit_rank_before_city,layer_matched_random_repeat_2,failure_rate,0.07619047619047618,0.0,0.16190476190476186,10,56,0.07142857142857142,1.0
4,confirmation,clean_correct_only,same_unit_rank_before_city,layer_matched_random_repeat_3,failure_rate,0.10607142857142857,0.02857142857142857,0.19142857142857142,10,56,0.10714285714285714,1.0
4,confirmation,clean_correct_only,structural_invariant_bullet,clean,failure_rate,0.0,0.0,0.0,1,1,0.0,1.0
4,confirmation,clean_correct_only,structural_invariant_bullet,selected_bank,failure_rate,0.0,0.0,0.0,1,1,0.0,1.0
4,confirmation,clean_correct_only,structural_invariant_bullet,layer_matched_random_mean,failure_rate,0.0,0.0,0.0,1,1,0.0,1.0
4,confirmation,clean_correct_only,structural_invariant_bullet,layer_matched_random_repeat_1,failure_rate,0.0,0.0,0.0,1,1,0.0,1.0
4,confirmation,clean_correct_only,structural_invariant_bullet,layer_matched_random_repeat_2,failure_rate,0.0,0.0,0.0,1,1,0.0,1.0
4,confirmation,clean_correct_only,structural_invariant_bullet,layer_matched_random_repeat_3,failure_rate,0.0,0.0,0.0,1,1,0.0,1.0
6,confirmation,all_examples,pooled,clean,failure_rate,0.03333333333333333,0.0,0.07777777777777779,10,90,0.03333333333333333,1.0
6,confirmation,all_examples,pooled,selected_bank,failure_rate,0.6888888888888889,0.6111111111111112,0.7555555555555556,10,90,0.6888888888888889,1.0
6,confirmation,all_examples,pooled,layer_matched_random_mean,failure_rate,0.17407407407407408,0.12222222222222223,0.22962962962962963,10,90,0.1740740740740741,1.0
6,confirmation,all_examples,pooled,layer_matched_random_repeat_1,failure_rate,0.1,0.03333333333333333,0.1888888888888889,10,90,0.1,1.0
6,confirmation,all_examples,pooled,layer_matched_random_repeat_2,failure_rate,0.2,0.13333333333333336,0.2555555555555556,10,90,0.2,1.0
6,confirmation,all_examples,pooled,layer_matched_random_repeat_3,failure_rate,0.22222222222222224,0.14444444444444443,0.3,10,90,0.2222222222222222,1.0
6,confirmation,all_examples,macro_primary_grammars,clean,failure_rate,0.04722222222222222,0.0,0.11666666666666665,10,89,0.033707865168539325,2.0
6,confirmation,all_examples,macro_primary_grammars,selected_bank,failure_rate,0.6869444444444445,0.591547619047619,0.7768253968253969,10,89,0.6966292134831461,2.0
6,confirmation,all_examples,macro_primary_grammars,layer_matched_random_mean,failure_rate,0.18991402116402117,0.1261863425925926,0.2518518518518519,10,89,0.1760299625468165,2.0
6,confirmation,all_examples,macro_primary_grammars,layer_matched_random_repeat_1,failure_rate,0.11158730158730157,0.03976190476190476,0.20595238095238094,10,89,0.10112359550561797,2.0
6,confirmation,all_examples,macro_primary_grammars,layer_matched_random_repeat_2,failure_rate,0.23011904761904756,0.1566577380952381,0.2997708333333332,10,89,0.20224719101123595,2.0
6,confirmation,all_examples,macro_primary_grammars,layer_matched_random_repeat_3,failure_rate,0.2280357142857142,0.14797470238095234,0.300595238095238,10,89,0.2247191011235955,2.0
6,confirmation,all_examples,adjacent_rank_after_city,clean,failure_rate,0.05555555555555555,0.0,0.16666666666666666,9,30,0.03333333333333333,1.0
6,confirmation,all_examples,adjacent_rank_after_city,selected_bank,failure_rate,0.7592592592592592,0.537037037037037,0.9444444444444444,9,30,0.8333333333333334,1.0
6,confirmation,all_examples,adjacent_rank_after_city,layer_matched_random_mean,failure_rate,0.2006172839506173,0.0771604938271605,0.3333333333333333,9,30,0.16666666666666663,1.0
6,confirmation,all_examples,adjacent_rank_after_city,layer_matched_random_repeat_1,failure_rate,0.12962962962962965,0.018518518518518517,0.2777777777777778,9,30,0.1,1.0
6,confirmation,all_examples,adjacent_rank_after_city,layer_matched_random_repeat_2,failure_rate,0.21296296296296294,0.07407407407407407,0.35208333333333,9,30,0.16666666666666666,1.0
6,confirmation,all_examples,adjacent_rank_after_city,layer_matched_random_repeat_3,failure_rate,0.2592592592592593,0.1111111111111111,0.4074074074074074,9,30,0.23333333333333334,1.0
6,confirmation,all_examples,adjacent_rank_before_city,clean,failure_rate,0.0,0.0,0.0,1,1,0.0,1.0
6,confirmation,all_examples,adjacent_rank_before_city,selected_bank,failure_rate,1.0,1.0,1.0,1,1,1.0,1.0
6,confirmation,all_examples,adjacent_rank_before_city,layer_matched_random_mean,failure_rate,0.0,0.0,0.0,1,1,0.0,1.0
6,confirmation,all_examples,adjacent_rank_before_city,layer_matched_random_repeat_1,failure_rate,0.0,0.0,0.0,1,1,0.0,1.0
6,confirmation,all_examples,adjacent_rank_before_city,layer_matched_random_repeat_2,failure_rate,0.0,0.0,0.0,1,1,0.0,1.0
6,confirmation,all_examples,adjacent_rank_before_city,layer_matched_random_repeat_3,failure_rate,0.0,0.0,0.0,1,1,0.0,1.0
6,confirmation,all_examples,same_unit_rank_before_city,clean,failure_rate,0.02222222222222222,0.0,0.06666666666666667,10,58,0.034482758620689655,1.0
6,confirmation,all_examples,same_unit_rank_before_city,selected_bank,failure_rate,0.5905555555555555,0.4781686507936508,0.6961904761904762,10,58,0.6206896551724138,1.0
6,confirmation,all_examples,same_unit_rank_before_city,layer_matched_random_mean,failure_rate,0.18445767195767196,0.11388723544973545,0.2578042328042328,10,58,0.18390804597701152,1.0
6,confirmation,all_examples,same_unit_rank_before_city,layer_matched_random_repeat_1,failure_rate,0.07873015873015872,0.0,0.17619047619047618,10,58,0.10344827586206896,1.0
6,confirmation,all_examples,same_unit_rank_before_city,layer_matched_random_repeat_2,failure_rate,0.25190476190476196,0.1380952380952381,0.3761904761904762,10,58,0.22413793103448276,1.0
6,confirmation,all_examples,same_unit_rank_before_city,layer_matched_random_repeat_3,failure_rate,0.22273809523809524,0.12511607142857145,0.3235863095238093,10,58,0.22413793103448276,1.0
6,confirmation,all_examples,structural_invariant_bullet,clean,failure_rate,0.0,0.0,0.0,1,1,0.0,1.0
6,confirmation,all_examples,structural_invariant_bullet,selected_bank,failure_rate,0.0,0.0,0.0,1,1,0.0,1.0
6,confirmation,all_examples,structural_invariant_bullet,layer_matched_random_mean,failure_rate,0.0,0.0,0.0,1,1,0.0,1.0
6,confirmation,all_examples,structural_invariant_bullet,layer_matched_random_repeat_1,failure_rate,0.0,0.0,0.0,1,1,0.0,1.0
6,confirmation,all_examples,structural_invariant_bullet,layer_matched_random_repeat_2,failure_rate,0.0,0.0,0.0,1,1,0.0,1.0
6,confirmation,all_examples,structural_invariant_bullet,layer_matched_random_repeat_3,failure_rate,0.0,0.0,0.0,1,1,0.0,1.0
6,confirmation,clean_correct_only,pooled,clean,failure_rate,0.0,0.0,0.0,10,87,0.0,1.0
6,confirmation,clean_correct_only,pooled,selected_bank,failure_rate,0.6815476190476192,0.6069444444444445,0.7498015873015873,10,87,0.6781609195402298,1.0
6,confirmation,clean_correct_only,pooled,layer_matched_random_mean,failure_rate,0.14589947089947092,0.10423280423280423,0.1814814814814815,10,87,0.1455938697318008,1.0
6,confirmation,clean_correct_only,pooled,layer_matched_random_repeat_1,failure_rate,0.07301587301587302,0.02222222222222222,0.13015873015873017,10,87,0.06896551724137931,1.0
6,confirmation,clean_correct_only,pooled,layer_matched_random_repeat_2,failure_rate,0.17123015873015873,0.11706349206349205,0.22364583333333285,10,87,0.1724137931034483,1.0
6,confirmation,clean_correct_only,pooled,layer_matched_random_repeat_3,failure_rate,0.193452380952381,0.12438492063492065,0.2680555555555556,10,87,0.19540229885057472,1.0
6,confirmation,clean_correct_only,macro_primary_grammars,clean,failure_rate,0.0,0.0,0.0,10,86,0.0,2.0
6,confirmation,clean_correct_only,macro_primary_grammars,selected_bank,failure_rate,0.6587698412698413,0.5457083333333332,0.7629365079365079,10,86,0.686046511627907,2.0
6,confirmation,clean_correct_only,macro_primary_grammars,layer_matched_random_mean,failure_rate,0.14692460317460315,0.0963293650793651,0.19206349206349205,10,86,0.1472868217054264,2.0
6,confirmation,clean_correct_only,macro_primary_grammars,layer_matched_random_repeat_1,failure_rate,0.0707142857142857,0.018333333333333333,0.13095238095238093,10,86,0.06976744186046512,2.0
6,confirmation,clean_correct_only,macro_primary_grammars,layer_matched_random_repeat_2,failure_rate,0.18607142857142858,0.11844642857142858,0.25928571428571423,10,86,0.1744186046511628,2.0
6,confirmation,clean_correct_only,macro_primary_grammars,layer_matched_random_repeat_3,failure_rate,0.18398809523809526,0.11107142857142857,0.2577380952380952,10,86,0.19767441860465115,2.0
6,confirmation,clean_correct_only,adjacent_rank_after_city,clean,failure_rate,0.0,0.0,0.0,9,29,0.0,1.0
6,confirmation,clean_correct_only,adjacent_rank_after_city,selected_bank,failure_rate,0.7037037037037037,0.4259259259259259,0.925925925925926,9,29,0.8275862068965517,1.0
6,confirmation,clean_correct_only,adjacent_rank_after_city,layer_matched_random_mean,failure_rate,0.14506172839506173,0.04012345679012346,0.2685185185185185,9,29,0.13793103448275862,1.0
6,confirmation,clean_correct_only,adjacent_rank_after_city,layer_matched_random_repeat_1,failure_rate,0.07407407407407407,0.0,0.1851851851851852,9,29,0.06896551724137931,1.0
6,confirmation,clean_correct_only,adjacent_rank_after_city,layer_matched_random_repeat_2,failure_rate,0.15740740740740738,0.037037037037037035,0.2962962962962963,9,29,0.13793103448275862,1.0
6,confirmation,clean_correct_only,adjacent_rank_after_city,layer_matched_random_repeat_3,failure_rate,0.2037037037037037,0.05555555555555555,0.35185185185185186,9,29,0.20689655172413793,1.0
6,confirmation,clean_correct_only,adjacent_rank_before_city,clean,failure_rate,0.0,0.0,0.0,1,1,0.0,1.0
6,confirmation,clean_correct_only,adjacent_rank_before_city,selected_bank,failure_rate,1.0,1.0,1.0,1,1,1.0,1.0
6,confirmation,clean_correct_only,adjacent_rank_before_city,layer_matched_random_mean,failure_rate,0.0,0.0,0.0,1,1,0.0,1.0
6,confirmation,clean_correct_only,adjacent_rank_before_city,layer_matched_random_repeat_1,failure_rate,0.0,0.0,0.0,1,1,0.0,1.0
6,confirmation,clean_correct_only,adjacent_rank_before_city,layer_matched_random_repeat_2,failure_rate,0.0,0.0,0.0,1,1,0.0,1.0
6,confirmation,clean_correct_only,adjacent_rank_before_city,layer_matched_random_repeat_3,failure_rate,0.0,0.0,0.0,1,1,0.0,1.0
6,confirmation,clean_correct_only,same_unit_rank_before_city,clean,failure_rate,0.0,0.0,0.0,10,56,0.0,1.0
6,confirmation,clean_correct_only,same_unit_rank_before_city,selected_bank,failure_rate,0.5873809523809523,0.47857142857142865,0.6921428571428571,10,56,0.6071428571428571,1.0
6,confirmation,clean_correct_only,same_unit_rank_before_city,layer_matched_random_mean,failure_rate,0.166468253968254,0.10952380952380954,0.22916666666666666,10,56,0.1547619047619048,1.0
6,confirmation,clean_correct_only,same_unit_rank_before_city,layer_matched_random_repeat_1,failure_rate,0.06285714285714286,0.0,0.13428571428571429,10,56,0.07142857142857142,1.0
6,confirmation,clean_correct_only,same_unit_rank_before_city,layer_matched_random_repeat_2,failure_rate,0.23285714285714287,0.12142857142857144,0.3559523809523809,10,56,0.19642857142857142,1.0
6,confirmation,clean_correct_only,same_unit_rank_before_city,layer_matched_random_repeat_3,failure_rate,0.20369047619047617,0.11190476190476188,0.3036904761904762,10,56,0.19642857142857142,1.0
6,confirmation,clean_correct_only,structural_invariant_bullet,clean,failure_rate,0.0,0.0,0.0,1,1,0.0,1.0
6,confirmation,clean_correct_only,structural_invariant_bullet,selected_bank,failure_rate,0.0,0.0,0.0,1,1,0.0,1.0
6,confirmation,clean_correct_only,structural_invariant_bullet,layer_matched_random_mean,failure_rate,0.0,0.0,0.0,1,1,0.0,1.0
6,confirmation,clean_correct_only,structural_invariant_bullet,layer_matched_random_repeat_1,failure_rate,0.0,0.0,0.0,1,1,0.0,1.0
6,confirmation,clean_correct_only,structural_invariant_bullet,layer_matched_random_repeat_2,failure_rate,0.0,0.0,0.0,1,1,0.0,1.0
6,confirmation,clean_correct_only,structural_invariant_bullet,layer_matched_random_repeat_3,failure_rate,0.0,0.0,0.0,1,1,0.0,1.0
8,confirmation,all_examples,pooled,clean,failure_rate,0.03333333333333333,0.0,0.07777777777777779,10,90,0.03333333333333333,1.0
8,confirmation,all_examples,pooled,selected_bank,failure_rate,0.8333333333333334,0.7777777777777777,0.9,10,90,0.8333333333333334,1.0
8,confirmation,all_examples,pooled,layer_matched_random_mean,failure_rate,0.12592592592592594,0.07407407407407408,0.17777777777777776,10,90,0.12592592592592594,1.0
8,confirmation,all_examples,pooled,layer_matched_random_repeat_1,failure_rate,0.11111111111111112,0.06666666666666668,0.15555555555555556,10,90,0.1111111111111111,1.0
8,confirmation,all_examples,pooled,layer_matched_random_repeat_2,failure_rate,0.13333333333333333,0.06666666666666667,0.2111111111111111,10,90,0.13333333333333333,1.0
8,confirmation,all_examples,pooled,layer_matched_random_repeat_3,failure_rate,0.13333333333333336,0.07777777777777777,0.18888888888888888,10,90,0.13333333333333333,1.0
8,confirmation,all_examples,macro_primary_grammars,clean,failure_rate,0.04722222222222222,0.0,0.11666666666666665,10,89,0.033707865168539325,2.0
8,confirmation,all_examples,macro_primary_grammars,selected_bank,failure_rate,0.8092658730158732,0.6931502976190477,0.9085763888888889,10,89,0.8426966292134831,2.0
8,confirmation,all_examples,macro_primary_grammars,layer_matched_random_mean,failure_rate,0.13984788359788364,0.08214285714285716,0.19702628968253966,10,89,0.12734082397003746,2.0
8,confirmation,all_examples,macro_primary_grammars,layer_matched_random_repeat_1,failure_rate,0.1264484126984127,0.07332589285714286,0.178531746031746,10,89,0.11235955056179775,2.0
8,confirmation,all_examples,macro_primary_grammars,layer_matched_random_repeat_2,failure_rate,0.14492063492063492,0.07261904761904761,0.2183382936507936,10,89,0.1348314606741573,2.0
8,confirmation,all_examples,macro_primary_grammars,layer_matched_random_repeat_3,failure_rate,0.14817460317460315,0.07471329365079366,0.21940972222222213,10,89,0.1348314606741573,2.0
8,confirmation,all_examples,adjacent_rank_after_city,clean,failure_rate,0.05555555555555555,0.0,0.16666666666666666,9,30,0.03333333333333333,1.0
8,confirmation,all_examples,adjacent_rank_after_city,selected_bank,failure_rate,0.7962962962962963,0.5555555555555556,0.9814814814814815,9,30,0.8666666666666667,1.0
8,confirmation,all_examples,adjacent_rank_after_city,layer_matched_random_mean,failure_rate,0.1574074074074074,0.03703703703703704,0.29629629629629634,9,30,0.11111111111111113,1.0
8,confirmation,all_examples,adjacent_rank_after_city,layer_matched_random_repeat_1,failure_rate,0.1111111111111111,0.0,0.2777777777777778,9,30,0.06666666666666667,1.0
8,confirmation,all_examples,adjacent_rank_after_city,layer_matched_random_repeat_2,failure_rate,0.16666666666666666,0.05555555555555555,0.3055555555555556,9,30,0.13333333333333333,1.0
8,confirmation,all_examples,adjacent_rank_after_city,layer_matched_random_repeat_3,failure_rate,0.19444444444444445,0.05555555555555555,0.3611111111111111,9,30,0.13333333333333333,1.0
8,confirmation,all_examples,adjacent_rank_before_city,clean,failure_rate,0.0,0.0,0.0,1,1,0.0,1.0
8,confirmation,all_examples,adjacent_rank_before_city,selected_bank,failure_rate,1.0,1.0,1.0,1,1,1.0,1.0
8,confirmation,all_examples,adjacent_rank_before_city,layer_matched_random_mean,failure_rate,0.0,0.0,0.0,1,1,0.0,1.0
8,confirmation,all_examples,adjacent_rank_before_city,layer_matched_random_repeat_1,failure_rate,0.0,0.0,0.0,1,1,0.0,1.0
8,confirmation,all_examples,adjacent_rank_before_city,layer_matched_random_repeat_2,failure_rate,0.0,0.0,0.0,1,1,0.0,1.0
8,confirmation,all_examples,adjacent_rank_before_city,layer_matched_random_repeat_3,failure_rate,0.0,0.0,0.0,1,1,0.0,1.0
8,confirmation,all_examples,same_unit_rank_before_city,clean,failure_rate,0.02222222222222222,0.0,0.06666666666666667,10,58,0.034482758620689655,1.0
8,confirmation,all_examples,same_unit_rank_before_city,selected_bank,failure_rate,0.7963095238095238,0.663327380952381,0.9095238095238095,10,58,0.8275862068965517,1.0
8,confirmation,all_examples,same_unit_rank_before_city,layer_matched_random_mean,failure_rate,0.13247354497354497,0.07063492063492063,0.19841269841269843,10,58,0.13793103448275862,1.0
8,confirmation,all_examples,same_unit_rank_before_city,layer_matched_random_repeat_1,failure_rate,0.14734126984126983,0.06150793650793651,0.2362410714285713,10,58,0.13793103448275862,1.0
8,confirmation,all_examples,same_unit_rank_before_city,layer_matched_random_repeat_2,failure_rate,0.13428571428571429,0.047619047619047616,0.2333333333333333,10,58,0.13793103448275862,1.0
8,confirmation,all_examples,same_unit_rank_before_city,layer_matched_random_repeat_3,failure_rate,0.11579365079365081,0.039285714285714285,0.2044682539682536,10,58,0.13793103448275862,1.0
8,confirmation,all_examples,structural_invariant_bullet,clean,failure_rate,0.0,0.0,0.0,1,1,0.0,1.0
8,confirmation,all_examples,structural_invariant_bullet,selected_bank,failure_rate,0.0,0.0,0.0,1,1,0.0,1.0
8,confirmation,all_examples,structural_invariant_bullet,layer_matched_random_mean,failure_rate,0.0,0.0,0.0,1,1,0.0,1.0
8,confirmation,all_examples,structural_invariant_bullet,layer_matched_random_repeat_1,failure_rate,0.0,0.0,0.0,1,1,0.0,1.0
8,confirmation,all_examples,structural_invariant_bullet,layer_matched_random_repeat_2,failure_rate,0.0,0.0,0.0,1,1,0.0,1.0
8,confirmation,all_examples,structural_invariant_bullet,layer_matched_random_repeat_3,failure_rate,0.0,0.0,0.0,1,1,0.0,1.0
8,confirmation,clean_correct_only,pooled,clean,failure_rate,0.0,0.0,0.0,10,87,0.0,1.0
8,confirmation,clean_correct_only,pooled,selected_bank,failure_rate,0.8305555555555555,0.769375,0.8972222222222224,10,87,0.8275862068965517,1.0
8,confirmation,clean_correct_only,pooled,layer_matched_random_mean,failure_rate,0.09411375661375662,0.05072751322751323,0.13855820105820107,10,87,0.09578544061302682,1.0
8,confirmation,clean_correct_only,pooled,layer_matched_random_repeat_1,failure_rate,0.07777777777777777,0.03333333333333333,0.12222222222222223,10,87,0.08045977011494253,1.0
8,confirmation,clean_correct_only,pooled,layer_matched_random_repeat_2,failure_rate,0.10317460317460317,0.04444444444444444,0.16984126984126985,10,87,0.10344827586206896,1.0
8,confirmation,clean_correct_only,pooled,layer_matched_random_repeat_3,failure_rate,0.10138888888888889,0.04583333333333333,0.15833333333333333,10,87,0.10344827586206896,1.0
8,confirmation,clean_correct_only,macro_primary_grammars,clean,failure_rate,0.0,0.0,0.0,10,86,0.0,2.0
8,confirmation,clean_correct_only,macro_primary_grammars,selected_bank,failure_rate,0.7842658730158731,0.6487063492063493,0.9051636904761905,10,86,0.8372093023255814,2.0
8,confirmation,clean_correct_only,macro_primary_grammars,layer_matched_random_mean,failure_rate,0.09368386243386244,0.04804811507936508,0.13974950396825397,10,86,0.09689922480620156,2.0
8,confirmation,clean_correct_only,macro_primary_grammars,layer_matched_random_repeat_1,failure_rate,0.07922619047619048,0.03333333333333333,0.12630952380952382,10,86,0.08139534883720931,2.0
8,confirmation,clean_correct_only,macro_primary_grammars,layer_matched_random_repeat_2,failure_rate,0.10087301587301586,0.04345238095238095,0.16170833333333332,10,86,0.10465116279069768,2.0
8,confirmation,clean_correct_only,macro_primary_grammars,layer_matched_random_repeat_3,failure_rate,0.10095238095238095,0.039642857142857146,0.16607142857142856,10,86,0.10465116279069768,2.0
8,confirmation,clean_correct_only,adjacent_rank_after_city,clean,failure_rate,0.0,0.0,0.0,9,29,0.0,1.0
8,confirmation,clean_correct_only,adjacent_rank_after_city,selected_bank,failure_rate,0.7407407407407408,0.4444444444444444,0.9629629629629631,9,29,0.8620689655172413,1.0
8,confirmation,clean_correct_only,adjacent_rank_after_city,layer_matched_random_mean,failure_rate,0.10185185185185186,0.01851851851851852,0.212962962962963,9,29,0.08045977011494253,1.0
8,confirmation,clean_correct_only,adjacent_rank_after_city,layer_matched_random_repeat_1,failure_rate,0.05555555555555555,0.0,0.16666666666666666,9,29,0.034482758620689655,1.0
8,confirmation,clean_correct_only,adjacent_rank_after_city,layer_matched_random_repeat_2,failure_rate,0.1111111111111111,0.027777777777777776,0.2222222222222222,9,29,0.10344827586206896,1.0
8,confirmation,clean_correct_only,adjacent_rank_after_city,layer_matched_random_repeat_3,failure_rate,0.1388888888888889,0.027777777777777776,0.2777777777777778,9,29,0.10344827586206896,1.0
8,confirmation,clean_correct_only,adjacent_rank_before_city,clean,failure_rate,0.0,0.0,0.0,1,1,0.0,1.0
8,confirmation,clean_correct_only,adjacent_rank_before_city,selected_bank,failure_rate,1.0,1.0,1.0,1,1,1.0,1.0
8,confirmation,clean_correct_only,adjacent_rank_before_city,layer_matched_random_mean,failure_rate,0.0,0.0,0.0,1,1,0.0,1.0
8,confirmation,clean_correct_only,adjacent_rank_before_city,layer_matched_random_repeat_1,failure_rate,0.0,0.0,0.0,1,1,0.0,1.0
8,confirmation,clean_correct_only,adjacent_rank_before_city,layer_matched_random_repeat_2,failure_rate,0.0,0.0,0.0,1,1,0.0,1.0
8,confirmation,clean_correct_only,adjacent_rank_before_city,layer_matched_random_repeat_3,failure_rate,0.0,0.0,0.0,1,1,0.0,1.0
8,confirmation,clean_correct_only,same_unit_rank_before_city,clean,failure_rate,0.0,0.0,0.0,10,56,0.0,1.0
8,confirmation,clean_correct_only,same_unit_rank_before_city,selected_bank,failure_rate,0.7963095238095238,0.6629761904761905,0.9071428571428571,10,56,0.8214285714285714,1.0
8,confirmation,clean_correct_only,same_unit_rank_before_city,layer_matched_random_mean,failure_rate,0.11130952380952382,0.05535714285714286,0.1765873015873016,10,56,0.10714285714285716,1.0
8,confirmation,clean_correct_only,same_unit_rank_before_city,layer_matched_random_repeat_1,failure_rate,0.12511904761904763,0.039285714285714285,0.22107440476190474,10,56,0.10714285714285714,1.0
8,confirmation,clean_correct_only,same_unit_rank_before_city,layer_matched_random_repeat_2,failure_rate,0.11523809523809522,0.03428571428571429,0.20095238095238094,10,56,0.10714285714285714,1.0
8,confirmation,clean_correct_only,same_unit_rank_before_city,layer_matched_random_repeat_3,failure_rate,0.09357142857142857,0.025,0.1842857142857143,10,56,0.10714285714285714,1.0
8,confirmation,clean_correct_only,structural_invariant_bullet,clean,failure_rate,0.0,0.0,0.0,1,1,0.0,1.0
8,confirmation,clean_correct_only,structural_invariant_bullet,selected_bank,failure_rate,0.0,0.0,0.0,1,1,0.0,1.0
8,confirmation,clean_correct_only,structural_invariant_bullet,layer_matched_random_mean,failure_rate,0.0,0.0,0.0,1,1,0.0,1.0
8,confirmation,clean_correct_only,structural_invariant_bullet,layer_matched_random_repeat_1,failure_rate,0.0,0.0,0.0,1,1,0.0,1.0
8,confirmation,clean_correct_only,structural_invariant_bullet,layer_matched_random_repeat_2,failure_rate,0.0,0.0,0.0,1,1,0.0,1.0
8,confirmation,clean_correct_only,structural_invariant_bullet,layer_matched_random_repeat_3,failure_rate,0.0,0.0,0.0,1,1,0.0,1.0
8,full_panel,all_examples,pooled,clean,failure_rate,0.02222222222222222,0.0037037037037037034,0.044444444444444446,30,270,0.022222222222222223,1.0
8,full_panel,all_examples,pooled,selected_bank,failure_rate,0.8333333333333334,0.7962962962962963,0.8703703703703705,30,270,0.8333333333333334,1.0
8,full_panel,all_examples,pooled,layer_matched_random_mean,failure_rate,0.09382716049382718,0.06666666666666667,0.12345679012345681,30,270,0.09382716049382717,1.0
8,full_panel,all_examples,pooled,layer_matched_random_repeat_1,failure_rate,0.0851851851851852,0.05555555555555555,0.11851851851851852,30,270,0.08518518518518518,1.0
8,full_panel,all_examples,pooled,layer_matched_random_repeat_2,failure_rate,0.07777777777777777,0.044444444444444446,0.11481481481481483,30,270,0.07777777777777778,1.0
8,full_panel,all_examples,pooled,layer_matched_random_repeat_3,failure_rate,0.11851851851851852,0.08148148148148149,0.15555555555555556,30,270,0.11851851851851852,1.0
8,full_panel,all_examples,macro_primary_grammars,clean,failure_rate,0.026018518518518517,0.0027777777777777775,0.05481481481481481,30,260,0.023076923076923078,2.1
8,full_panel,all_examples,macro_primary_grammars,selected_bank,failure_rate,0.8327380952380952,0.7804945436507934,0.88219708994709,30,260,0.8384615384615385,2.1
8,full_panel,all_examples,macro_primary_grammars,layer_matched_random_mean,failure_rate,0.10003968253968254,0.06798682760141093,0.13439263668430335,30,260,0.09615384615384617,2.1
8,full_panel,all_examples,macro_primary_grammars,layer_matched_random_repeat_1,failure_rate,0.09466931216931217,0.05749338624338625,0.13506712962962963,30,260,0.08846153846153847,2.1
8,full_panel,all_examples,macro_primary_grammars,layer_matched_random_repeat_2,failure_rate,0.08247354497354496,0.046269841269841266,0.12105886243386244,30,260,0.08076923076923077,2.1
8,full_panel,all_examples,macro_primary_grammars,layer_matched_random_repeat_3,failure_rate,0.12297619047619045,0.08305555555555558,0.16468253968253965,30,260,0.11923076923076924,2.1
8,full_panel,all_examples,adjacent_rank_after_city,clean,failure_rate,0.02586206896551724,0.0,0.06896551724137931,29,115,0.017391304347826087,1.0
8,full_panel,all_examples,adjacent_rank_after_city,selected_bank,failure_rate,0.8633278598795839,0.764367816091954,0.944937055281883,29,115,0.8869565217391304,1.0
8,full_panel,all_examples,adjacent_rank_after_city,layer_matched_random_mean,failure_rate,0.12033388067870826,0.06562671045429666,0.18232279693486586,29,115,0.10724637681159423,1.0
8,full_panel,all_examples,adjacent_rank_after_city,layer_matched_random_repeat_1,failure_rate,0.10511767925561029,0.04649220032840722,0.17312534209085934,29,115,0.09565217391304348,1.0
8,full_panel,all_examples,adjacent_rank_after_city,layer_matched_random_repeat_2,failure_rate,0.09214559386973181,0.03869731800766284,0.15842911877394636,29,115,0.0782608695652174,1.0
8,full_panel,all_examples,adjacent_rank_after_city,layer_matched_random_repeat_3,failure_rate,0.1637383689107827,0.09367816091954023,0.23869731800766283,29,115,0.14782608695652175,1.0
8,full_panel,all_examples,adjacent_rank_before_city,clean,failure_rate,0.0,0.0,0.0,5,5,0.0,1.0
8,full_panel,all_examples,adjacent_rank_before_city,selected_bank,failure_rate,1.0,1.0,1.0,5,5,1.0,1.0
8,full_panel,all_examples,adjacent_rank_before_city,layer_matched_random_mean,failure_rate,0.0,0.0,0.0,5,5,0.0,1.0
8,full_panel,all_examples,adjacent_rank_before_city,layer_matched_random_repeat_1,failure_rate,0.0,0.0,0.0,5,5,0.0,1.0
8,full_panel,all_examples,adjacent_rank_before_city,layer_matched_random_repeat_2,failure_rate,0.0,0.0,0.0,5,5,0.0,1.0
8,full_panel,all_examples,adjacent_rank_before_city,layer_matched_random_repeat_3,failure_rate,0.0,0.0,0.0,5,5,0.0,1.0
8,full_panel,all_examples,same_unit_rank_after_city,clean,failure_rate,0.0,0.0,0.0,4,8,0.0,1.0
8,full_panel,all_examples,same_unit_rank_after_city,selected_bank,failure_rate,0.9375,0.8125,1.0,4,8,0.875,1.0
8,full_panel,all_examples,same_unit_rank_after_city,layer_matched_random_mean,failure_rate,0.08333333333333334,0.0,0.25,4,8,0.04166666666666667,1.0
8,full_panel,all_examples,same_unit_rank_after_city,layer_matched_random_repeat_1,failure_rate,0.0,0.0,0.0,4,8,0.0,1.0
8,full_panel,all_examples,same_unit_rank_after_city,layer_matched_random_repeat_2,failure_rate,0.0,0.0,0.0,4,8,0.0,1.0
8,full_panel,all_examples,same_unit_rank_after_city,layer_matched_random_repeat_3,failure_rate,0.25,0.0,0.75,4,8,0.125,1.0
8,full_panel,all_examples,same_unit_rank_before_city,clean,failure_rate,0.020306513409961688,0.0,0.044444444444444446,29,140,0.02857142857142857,1.0
8,full_panel,all_examples,same_unit_rank_before_city,selected_bank,failure_rate,0.7764367816091954,0.6841954022988507,0.8594837848932677,29,140,0.7928571428571428,1.0
8,full_panel,all_examples,same_unit_rank_before_city,layer_matched_random_mean,failure_rate,0.08677248677248679,0.05139516055464331,0.12549340904944353,29,140,0.09047619047619049,1.0
8,full_panel,all_examples,same_unit_rank_before_city,layer_matched_random_repeat_1,failure_rate,0.08960043787629995,0.04084564860426929,0.14462267378215654,29,140,0.08571428571428572,1.0
8,full_panel,all_examples,same_unit_rank_before_city,layer_matched_random_repeat_2,failure_rate,0.07504105090311987,0.030213464696223317,0.12298850574712644,29,140,0.08571428571428572,1.0
8,full_panel,all_examples,same_unit_rank_before_city,layer_matched_random_repeat_3,failure_rate,0.0956759715380405,0.03916256157635468,0.16406677613574167,29,140,0.1,1.0
8,full_panel,all_examples,structural_invariant_bullet,clean,failure_rate,0.0,0.0,0.0,2,2,0.0,1.0
8,full_panel,all_examples,structural_invariant_bullet,selected_bank,failure_rate,0.0,0.0,0.0,2,2,0.0,1.0
8,full_panel,all_examples,structural_invariant_bullet,layer_matched_random_mean,failure_rate,0.0,0.0,0.0,2,2,0.0,1.0
8,full_panel,all_examples,structural_invariant_bullet,layer_matched_random_repeat_1,failure_rate,0.0,0.0,0.0,2,2,0.0,1.0
8,full_panel,all_examples,structural_invariant_bullet,layer_matched_random_repeat_2,failure_rate,0.0,0.0,0.0,2,2,0.0,1.0
8,full_panel,all_examples,structural_invariant_bullet,layer_matched_random_repeat_3,failure_rate,0.0,0.0,0.0,2,2,0.0,1.0
8,full_panel,clean_correct_only,pooled,clean,failure_rate,0.0,0.0,0.0,30,264,0.0,1.0
8,full_panel,clean_correct_only,pooled,selected_bank,failure_rate,0.8289021164021164,0.7892857142857144,0.8680555555555557,30,264,0.8295454545454546,1.0
8,full_panel,clean_correct_only,pooled,layer_matched_random_mean,failure_rate,0.08156966490299823,0.05579640652557318,0.10985504850088183,30,264,0.08207070707070707,1.0
8,full_panel,clean_correct_only,pooled,layer_matched_random_repeat_1,failure_rate,0.07559523809523809,0.04537037037037037,0.10892857142857144,30,264,0.07575757575757576,1.0
8,full_panel,clean_correct_only,pooled,layer_matched_random_repeat_2,failure_rate,0.06494708994708995,0.03425925925925925,0.09920634920634921,30,264,0.06439393939393939,1.0
8,full_panel,clean_correct_only,pooled,layer_matched_random_repeat_3,failure_rate,0.10416666666666669,0.07037037037037037,0.1444444444444444,30,264,0.10606060606060606,1.0
8,full_panel,clean_correct_only,macro_primary_grammars,clean,failure_rate,0.0,0.0,0.0,30,254,0.0,2.1
8,full_panel,clean_correct_only,macro_primary_grammars,selected_bank,failure_rate,0.8221825396825396,0.7627433862433862,0.8772028769841269,30,254,0.8346456692913385,2.1
8,full_panel,clean_correct_only,macro_primary_grammars,layer_matched_random_mean,failure_rate,0.08289241622574955,0.05511656746031747,0.11312951940035272,30,254,0.08398950131233597,2.1
8,full_panel,clean_correct_only,macro_primary_grammars,layer_matched_random_repeat_1,failure_rate,0.08087301587301586,0.04593816137566137,0.12124503968253965,30,254,0.07874015748031496,2.1
8,full_panel,clean_correct_only,macro_primary_grammars,layer_matched_random_repeat_2,failure_rate,0.06473544973544973,0.03404761904761904,0.09907440476190477,30,254,0.06692913385826772,2.1
8,full_panel,clean_correct_only,macro_primary_grammars,layer_matched_random_repeat_3,failure_rate,0.10306878306878305,0.06448412698412698,0.143823082010582,30,254,0.1062992125984252,2.1
8,full_panel,clean_correct_only,adjacent_rank_after_city,clean,failure_rate,0.0,0.0,0.0,29,113,0.0,1.0
8,full_panel,clean_correct_only,adjacent_rank_after_city,selected_bank,failure_rate,0.8460864805692391,0.7344786535303776,0.939080459770115,29,113,0.8849557522123894,1.0
8,full_panel,clean_correct_only,adjacent_rank_after_city,layer_matched_random_mean,failure_rate,0.0983032293377121,0.04956212370005474,0.15585659551176795,29,113,0.09439528023598821,1.0
8,full_panel,clean_correct_only,adjacent_rank_after_city,layer_matched_random_repeat_1,failure_rate,0.09074986316365627,0.03672687465790914,0.15358511220580184,29,113,0.08849557522123894,1.0
8,full_panel,clean_correct_only,adjacent_rank_after_city,layer_matched_random_repeat_2,failure_rate,0.06628352490421456,0.02145593869731801,0.1206896551724138,29,113,0.061946902654867256,1.0
8,full_panel,clean_correct_only,adjacent_rank_after_city,layer_matched_random_repeat_3,failure_rate,0.13787629994526546,0.07159140667761359,0.21157772304324027,29,113,0.13274336283185842,1.0
8,full_panel,clean_correct_only,adjacent_rank_before_city,clean,failure_rate,0.0,0.0,0.0,5,5,0.0,1.0
8,full_panel,clean_correct_only,adjacent_rank_before_city,selected_bank,failure_rate,1.0,1.0,1.0,5,5,1.0,1.0
8,full_panel,clean_correct_only,adjacent_rank_before_city,layer_matched_random_mean,failure_rate,0.0,0.0,0.0,5,5,0.0,1.0
8,full_panel,clean_correct_only,adjacent_rank_before_city,layer_matched_random_repeat_1,failure_rate,0.0,0.0,0.0,5,5,0.0,1.0
8,full_panel,clean_correct_only,adjacent_rank_before_city,layer_matched_random_repeat_2,failure_rate,0.0,0.0,0.0,5,5,0.0,1.0
8,full_panel,clean_correct_only,adjacent_rank_before_city,layer_matched_random_repeat_3,failure_rate,0.0,0.0,0.0,5,5,0.0,1.0
8,full_panel,clean_correct_only,same_unit_rank_after_city,clean,failure_rate,0.0,0.0,0.0,4,8,0.0,1.0
8,full_panel,clean_correct_only,same_unit_rank_after_city,selected_bank,failure_rate,0.9375,0.8125,1.0,4,8,0.875,1.0
8,full_panel,clean_correct_only,same_unit_rank_after_city,layer_matched_random_mean,failure_rate,0.08333333333333334,0.0,0.25,4,8,0.04166666666666667,1.0
8,full_panel,clean_correct_only,same_unit_rank_after_city,layer_matched_random_repeat_1,failure_rate,0.0,0.0,0.0,4,8,0.0,1.0
8,full_panel,clean_correct_only,same_unit_rank_after_city,layer_matched_random_repeat_2,failure_rate,0.0,0.0,0.0,4,8,0.0,1.0
8,full_panel,clean_correct_only,same_unit_rank_after_city,layer_matched_random_repeat_3,failure_rate,0.25,0.0,0.75,4,8,0.125,1.0
8,full_panel,clean_correct_only,same_unit_rank_before_city,clean,failure_rate,0.0,0.0,0.0,29,136,0.0,1.0
8,full_panel,clean_correct_only,same_unit_rank_before_city,selected_bank,failure_rate,0.7718390804597701,0.6765127257799672,0.8563628899835796,29,136,0.7867647058823529,1.0
8,full_panel,clean_correct_only,same_unit_rank_before_city,layer_matched_random_mean,failure_rate,0.08062397372742201,0.047343322386425836,0.11845956486042694,29,136,0.07843137254901962,1.0
8,full_panel,clean_correct_only,same_unit_rank_before_city,layer_matched_random_repeat_1,failure_rate,0.08308702791461411,0.03485119047619047,0.13850677339901477,29,136,0.07352941176470588,1.0
8,full_panel,clean_correct_only,same_unit_rank_before_city,layer_matched_random_repeat_2,failure_rate,0.07077175697865352,0.028735632183908042,0.12085385878489326,29,136,0.07352941176470588,1.0
8,full_panel,clean_correct_only,same_unit_rank_before_city,layer_matched_random_repeat_3,failure_rate,0.08801313628899834,0.03226600985221675,0.15443555008210177,29,136,0.08823529411764706,1.0
8,full_panel,clean_correct_only,structural_invariant_bullet,clean,failure_rate,0.0,0.0,0.0,2,2,0.0,1.0
8,full_panel,clean_correct_only,structural_invariant_bullet,selected_bank,failure_rate,0.0,0.0,0.0,2,2,0.0,1.0
8,full_panel,clean_correct_only,structural_invariant_bullet,layer_matched_random_mean,failure_rate,0.0,0.0,0.0,2,2,0.0,1.0
8,full_panel,clean_correct_only,structural_invariant_bullet,layer_matched_random_repeat_1,failure_rate,0.0,0.0,0.0,2,2,0.0,1.0
8,full_panel,clean_correct_only,structural_invariant_bullet,layer_matched_random_repeat_2,failure_rate,0.0,0.0,0.0,2,2,0.0,1.0
8,full_panel,clean_correct_only,structural_invariant_bullet,layer_matched_random_repeat_3,failure_rate,0.0,0.0,0.0,2,2,0.0,1.0
8,discovery,all_examples,pooled,clean,failure_rate,0.016666666666666666,0.0,0.04444444444444444,20,180,0.016666666666666666,1.0
8,discovery,all_examples,pooled,selected_bank,failure_rate,0.8333333333333333,0.7833333333333334,0.8777777777777779,20,180,0.8333333333333334,1.0
8,discovery,all_examples,pooled,layer_matched_random_mean,failure_rate,0.07777777777777777,0.048148148148148155,0.11296296296296297,20,180,0.07777777777777778,1.0
8,discovery,all_examples,pooled,layer_matched_random_repeat_1,failure_rate,0.07222222222222222,0.03333333333333334,0.11666666666666667,20,180,0.07222222222222222,1.0
8,discovery,all_examples,pooled,layer_matched_random_repeat_2,failure_rate,0.049999999999999996,0.02222222222222222,0.08333333333333334,20,180,0.05,1.0
8,discovery,all_examples,pooled,layer_matched_random_repeat_3,failure_rate,0.11111111111111112,0.06666666666666668,0.16111111111111112,20,180,0.1111111111111111,1.0
8,discovery,all_examples,macro_primary_grammars,clean,failure_rate,0.015416666666666667,0.0,0.042083333333333334,20,171,0.017543859649122806,2.15
8,discovery,all_examples,macro_primary_grammars,selected_bank,failure_rate,0.8444742063492064,0.7913385416666667,0.8959437003968252,20,171,0.8362573099415205,2.15
8,discovery,all_examples,macro_primary_grammars,layer_matched_random_mean,failure_rate,0.08013558201058202,0.04565013227513228,0.11877744708994707,20,171,0.07992202729044835,2.15
8,discovery,all_examples,macro_primary_grammars,layer_matched_random_repeat_1,failure_rate,0.07877976190476191,0.033946924603174604,0.13343526785714285,20,171,0.07602339181286549,2.15
8,discovery,all_examples,macro_primary_grammars,layer_matched_random_repeat_2,failure_rate,0.05125,0.01875,0.08861111111111111,20,171,0.05263157894736842,2.15
8,discovery,all_examples,macro_primary_grammars,layer_matched_random_repeat_3,failure_rate,0.11037698412698413,0.06345238095238095,0.1610714285714286,20,171,0.1111111111111111,2.15
8,discovery,all_examples,adjacent_rank_after_city,clean,failure_rate,0.0125,0.0,0.0375,20,85,0.011764705882352941,1.0
8,discovery,all_examples,adjacent_rank_after_city,selected_bank,failure_rate,0.8934920634920636,0.7947619047619047,0.9744444444444446,20,85,0.8941176470588236,1.0
8,discovery,all_examples,adjacent_rank_after_city,layer_matched_random_mean,failure_rate,0.10365079365079366,0.046823412698412704,0.1721031746031746,20,85,0.10588235294117647,1.0
8,discovery,all_examples,adjacent_rank_after_city,layer_matched_random_repeat_1,failure_rate,0.10242063492063491,0.04027777777777778,0.17416765873015874,20,85,0.10588235294117647,1.0
8,discovery,all_examples,adjacent_rank_after_city,layer_matched_random_repeat_2,failure_rate,0.0586111111111111,0.01,0.12111111111111113,20,85,0.058823529411764705,1.0
8,discovery,all_examples,adjacent_rank_after_city,layer_matched_random_repeat_3,failure_rate,0.1499206349206349,0.07472222222222222,0.23547817460317458,20,85,0.15294117647058825,1.0
8,discovery,all_examples,adjacent_rank_before_city,clean,failure_rate,0.0,0.0,0.0,4,4,0.0,1.0
8,discovery,all_examples,adjacent_rank_before_city,selected_bank,failure_rate,1.0,1.0,1.0,4,4,1.0,1.0
8,discovery,all_examples,adjacent_rank_before_city,layer_matched_random_mean,failure_rate,0.0,0.0,0.0,4,4,0.0,1.0
8,discovery,all_examples,adjacent_rank_before_city,layer_matched_random_repeat_1,failure_rate,0.0,0.0,0.0,4,4,0.0,1.0
8,discovery,all_examples,adjacent_rank_before_city,layer_matched_random_repeat_2,failure_rate,0.0,0.0,0.0,4,4,0.0,1.0
8,discovery,all_examples,adjacent_rank_before_city,layer_matched_random_repeat_3,failure_rate,0.0,0.0,0.0,4,4,0.0,1.0
8,discovery,all_examples,same_unit_rank_after_city,clean,failure_rate,0.0,0.0,0.0,4,8,0.0,1.0
8,discovery,all_examples,same_unit_rank_after_city,selected_bank,failure_rate,0.9375,0.8125,1.0,4,8,0.875,1.0
8,discovery,all_examples,same_unit_rank_after_city,layer_matched_random_mean,failure_rate,0.08333333333333334,0.0,0.25,4,8,0.04166666666666667,1.0
8,discovery,all_examples,same_unit_rank_after_city,layer_matched_random_repeat_1,failure_rate,0.0,0.0,0.0,4,8,0.0,1.0
8,discovery,all_examples,same_unit_rank_after_city,layer_matched_random_repeat_2,failure_rate,0.0,0.0,0.0,4,8,0.0,1.0
8,discovery,all_examples,same_unit_rank_after_city,layer_matched_random_repeat_3,failure_rate,0.25,0.0,0.75,4,8,0.125,1.0
8,discovery,all_examples,same_unit_rank_before_city,clean,failure_rate,0.01929824561403509,0.0,0.04912280701754386,19,82,0.024390243902439025,1.0
8,discovery,all_examples,same_unit_rank_before_city,selected_bank,failure_rate,0.7659774436090225,0.63890820802005,0.8746867167919801,19,82,0.7682926829268293,1.0
8,discovery,all_examples,same_unit_rank_before_city,layer_matched_random_mean,failure_rate,0.06271929824561404,0.025292397660818713,0.10657894736842105,19,82,0.05691056910569106,1.0
8,discovery,all_examples,same_unit_rank_before_city,layer_matched_random_repeat_1,failure_rate,0.05921052631578947,0.008771929824561403,0.12719298245614033,19,82,0.04878048780487805,1.0
8,discovery,all_examples,same_unit_rank_before_city,layer_matched_random_repeat_2,failure_rate,0.043859649122807015,0.0,0.09649122807017543,19,82,0.04878048780487805,1.0
8,discovery,all_examples,same_unit_rank_before_city,layer_matched_random_repeat_3,failure_rate,0.08508771929824561,0.010526315789473684,0.17719298245614035,19,82,0.07317073170731707,1.0
8,discovery,all_examples,structural_invariant_bullet,clean,failure_rate,0.0,0.0,0.0,1,1,0.0,1.0
8,discovery,all_examples,structural_invariant_bullet,selected_bank,failure_rate,0.0,0.0,0.0,1,1,0.0,1.0
8,discovery,all_examples,structural_invariant_bullet,layer_matched_random_mean,failure_rate,0.0,0.0,0.0,1,1,0.0,1.0
8,discovery,all_examples,structural_invariant_bullet,layer_matched_random_repeat_1,failure_rate,0.0,0.0,0.0,1,1,0.0,1.0
8,discovery,all_examples,structural_invariant_bullet,layer_matched_random_repeat_2,failure_rate,0.0,0.0,0.0,1,1,0.0,1.0
8,discovery,all_examples,structural_invariant_bullet,layer_matched_random_repeat_3,failure_rate,0.0,0.0,0.0,1,1,0.0,1.0
8,discovery,clean_correct_only,pooled,clean,failure_rate,0.0,0.0,0.0,20,177,0.0,1.0
8,discovery,clean_correct_only,pooled,selected_bank,failure_rate,0.8280753968253967,0.7770833333333333,0.8777777777777777,20,177,0.8305084745762712,1.0
8,discovery,clean_correct_only,pooled,layer_matched_random_mean,failure_rate,0.07529761904761904,0.0462962962962963,0.11101190476190477,20,177,0.07532956685499059,1.0
8,discovery,clean_correct_only,pooled,layer_matched_random_repeat_1,failure_rate,0.07450396825396825,0.03492063492063492,0.11894841269841269,20,177,0.07344632768361582,1.0
8,discovery,clean_correct_only,pooled,layer_matched_random_repeat_2,failure_rate,0.04583333333333333,0.016666666666666666,0.08194444444444444,20,177,0.04519774011299435,1.0
8,discovery,clean_correct_only,pooled,layer_matched_random_repeat_3,failure_rate,0.10555555555555556,0.061111111111111116,0.15555555555555556,20,177,0.10734463276836158,1.0
8,discovery,clean_correct_only,macro_primary_grammars,clean,failure_rate,0.0,0.0,0.0,20,168,0.0,2.15
8,discovery,clean_correct_only,macro_primary_grammars,selected_bank,failure_rate,0.8411408730158729,0.7864265873015872,0.8930062003968257,20,168,0.8333333333333334,2.15
8,discovery,clean_correct_only,macro_primary_grammars,layer_matched_random_mean,failure_rate,0.07749669312169313,0.042754050925925935,0.11688492063492066,20,168,0.07738095238095238,2.15
8,discovery,clean_correct_only,macro_primary_grammars,layer_matched_random_repeat_1,failure_rate,0.08169642857142859,0.03486111111111111,0.1372247023809523,20,168,0.07738095238095238,2.15
8,discovery,clean_correct_only,macro_primary_grammars,layer_matched_random_repeat_2,failure_rate,0.04666666666666666,0.014444444444444444,0.085,20,168,0.047619047619047616,2.15
8,discovery,clean_correct_only,macro_primary_grammars,layer_matched_random_repeat_3,failure_rate,0.10412698412698414,0.05565476190476191,0.15597222222222223,20,168,0.10714285714285714,2.15
8,discovery,clean_correct_only,adjacent_rank_after_city,clean,failure_rate,0.0,0.0,0.0,20,84,0.0,1.0
8,discovery,clean_correct_only,adjacent_rank_after_city,selected_bank,failure_rate,0.8934920634920636,0.7947619047619048,0.9733333333333333,20,84,0.8928571428571429,1.0
8,discovery,clean_correct_only,adjacent_rank_after_city,layer_matched_random_mean,failure_rate,0.09670634920634921,0.04047420634920635,0.16293650793650793,20,84,0.09920634920634921,1.0
8,discovery,clean_correct_only,adjacent_rank_after_city,layer_matched_random_repeat_1,failure_rate,0.10658730158730159,0.04047619047619048,0.18047619047619048,20,84,0.10714285714285714,1.0
8,discovery,clean_correct_only,adjacent_rank_after_city,layer_matched_random_repeat_2,failure_rate,0.04611111111111111,0.0,0.10611111111111111,20,84,0.047619047619047616,1.0
8,discovery,clean_correct_only,adjacent_rank_after_city,layer_matched_random_repeat_3,failure_rate,0.1374206349206349,0.06206051587301588,0.2269494047619047,20,84,0.14285714285714285,1.0
8,discovery,clean_correct_only,adjacent_rank_before_city,clean,failure_rate,0.0,0.0,0.0,4,4,0.0,1.0
8,discovery,clean_correct_only,adjacent_rank_before_city,selected_bank,failure_rate,1.0,1.0,1.0,4,4,1.0,1.0
8,discovery,clean_correct_only,adjacent_rank_before_city,layer_matched_random_mean,failure_rate,0.0,0.0,0.0,4,4,0.0,1.0
8,discovery,clean_correct_only,adjacent_rank_before_city,layer_matched_random_repeat_1,failure_rate,0.0,0.0,0.0,4,4,0.0,1.0
8,discovery,clean_correct_only,adjacent_rank_before_city,layer_matched_random_repeat_2,failure_rate,0.0,0.0,0.0,4,4,0.0,1.0
8,discovery,clean_correct_only,adjacent_rank_before_city,layer_matched_random_repeat_3,failure_rate,0.0,0.0,0.0,4,4,0.0,1.0
8,discovery,clean_correct_only,same_unit_rank_after_city,clean,failure_rate,0.0,0.0,0.0,4,8,0.0,1.0
8,discovery,clean_correct_only,same_unit_rank_after_city,selected_bank,failure_rate,0.9375,0.8125,1.0,4,8,0.875,1.0
8,discovery,clean_correct_only,same_unit_rank_after_city,layer_matched_random_mean,failure_rate,0.08333333333333334,0.0,0.25,4,8,0.04166666666666667,1.0
8,discovery,clean_correct_only,same_unit_rank_after_city,layer_matched_random_repeat_1,failure_rate,0.0,0.0,0.0,4,8,0.0,1.0
8,discovery,clean_correct_only,same_unit_rank_after_city,layer_matched_random_repeat_2,failure_rate,0.0,0.0,0.0,4,8,0.0,1.0
8,discovery,clean_correct_only,same_unit_rank_after_city,layer_matched_random_repeat_3,failure_rate,0.25,0.0,0.75,4,8,0.125,1.0
8,discovery,clean_correct_only,same_unit_rank_before_city,clean,failure_rate,0.0,0.0,0.0,19,80,0.0,1.0
8,discovery,clean_correct_only,same_unit_rank_before_city,selected_bank,failure_rate,0.7589598997493736,0.6301973684210526,0.8716807644110276,19,80,0.7625,1.0
8,discovery,clean_correct_only,same_unit_rank_before_city,layer_matched_random_mean,failure_rate,0.06447368421052631,0.02690058479532164,0.10935672514619883,19,80,0.058333333333333334,1.0
8,discovery,clean_correct_only,same_unit_rank_before_city,layer_matched_random_repeat_1,failure_rate,0.06096491228070175,0.010427631578947457,0.1293859649122807,19,80,0.05,1.0
8,discovery,clean_correct_only,same_unit_rank_before_city,layer_matched_random_repeat_2,failure_rate,0.04736842105263158,0.0,0.10350877192982456,19,80,0.05,1.0
8,discovery,clean_correct_only,same_unit_rank_before_city,layer_matched_random_repeat_3,failure_rate,0.08508771929824561,0.010526315789473684,0.17894736842105263,19,80,0.075,1.0
8,discovery,clean_correct_only,structural_invariant_bullet,clean,failure_rate,0.0,0.0,0.0,1,1,0.0,1.0
8,discovery,clean_correct_only,structural_invariant_bullet,selected_bank,failure_rate,0.0,0.0,0.0,1,1,0.0,1.0
8,discovery,clean_correct_only,structural_invariant_bullet,layer_matched_random_mean,failure_rate,0.0,0.0,0.0,1,1,0.0,1.0
8,discovery,clean_correct_only,structural_invariant_bullet,layer_matched_random_repeat_1,failure_rate,0.0,0.0,0.0,1,1,0.0,1.0
8,discovery,clean_correct_only,structural_invariant_bullet,layer_matched_random_repeat_2,failure_rate,0.0,0.0,0.0,1,1,0.0,1.0
8,discovery,clean_correct_only,structural_invariant_bullet,layer_matched_random_repeat_3,failure_rate,0.0,0.0,0.0,1,1,0.0,1.0
