model_label,mode,layer,metric,quality_direction,quality_slope_per_index,quality_spearman,late_8_10_minus_early_1_3
Qwen3-8B,non_thinking,0,centroid_nearest_squared,higher,-47.28454793294265,-0.3792208524324131,-359.8390502929687
Qwen3-8B,non_thinking,0,class_nc1_ratio,lower,0.43231713055464327,0.10303030303030303,1.1991443415355936
Qwen3-8B,non_thinking,0,fisher_nearest,higher,-0.0026625400616366065,-0.18787878787878787,-0.01662650015182826
Qwen3-8B,non_thinking,0,logistic_f1,higher,-0.034126215264322635,-0.609302880347697,-0.27649900539926114
Qwen3-8B,non_thinking,0,logistic_precision,higher,-0.03234728234728232,-0.4000473456828313,-0.26587301587301587
Qwen3-8B,non_thinking,0,logistic_recall,higher,-0.03703703703703702,-0.5223846475008079,-0.29629629629629634
Qwen3-8B,non_thinking,0,mean_bhattacharyya,higher,-0.21751952532565946,-0.1515151515151515,-1.3476341234313116
Qwen3-8B,non_thinking,0,min_bhattacharyya,higher,-0.08962555726369215,-0.4356156145892926,-0.6934949556986492
Qwen3-8B,non_thinking,0,nc2_class_cosine_deviation,lower,-0.009859483289607984,-0.17575757575757575,-0.003729465225694284
Qwen3-8B,non_thinking,0,ncc_recall,higher,-0.04511784511784505,-0.3965088288259145,-0.2962962962962962
Qwen3-8B,non_thinking,0,silhouette_cosine,higher,-0.007690977711569154,0.04242424242424241,-0.02578368907173475
Qwen3-8B,non_thinking,0,within_trace,lower,266.2855202414773,0.6969696969696969,1911.890950520833
Qwen3-8B,native_thinking,0,centroid_nearest_squared,higher,1.3077115145596616,-0.20122325299530439,-17.084019978841155
Qwen3-8B,native_thinking,0,class_nc1_ratio,lower,-0.33008228065284334,-0.13939393939393938,-2.7228192418141646
Qwen3-8B,native_thinking,0,fisher_nearest,higher,-0.004159245175862686,-0.12727272727272726,-0.03340041939860601
Qwen3-8B,native_thinking,0,logistic_f1,higher,-0.02193701723113487,-0.5319742785103739,-0.17973856209150324
Qwen3-8B,native_thinking,0,logistic_precision,higher,-0.058328741965105575,-0.5319742785103739,-0.4222222222222222
Qwen3-8B,native_thinking,0,logistic_recall,higher,0.0013468013468013675,-0.29502647161824747,-0.03703703703703701
Qwen3-8B,native_thinking,0,mean_bhattacharyya,higher,-0.04531124099737867,-0.24848484848484845,-0.4948767771323519
Qwen3-8B,native_thinking,0,min_bhattacharyya,higher,-0.01003105712659425,0.06116465361813115,-0.06664188702901197
Qwen3-8B,native_thinking,0,nc2_class_cosine_deviation,lower,0.009372828928966284,0.33333333333333326,0.038859263077807515
Qwen3-8B,native_thinking,0,ncc_recall,higher,-0.030303030303030273,-0.4541243840942217,-0.2222222222222222
Qwen3-8B,native_thinking,0,silhouette_cosine,higher,-0.005695085453264644,-0.07878787878787878,-0.0393084685007731
Qwen3-8B,native_thinking,0,within_trace,lower,-46.59534949100382,-0.2606060606060606,-116.29423014322902
Qwen3-8B,non_thinking,1,centroid_nearest_squared,higher,-404.79419028542225,-0.8719674296463189,-2601.7570597330728
Qwen3-8B,non_thinking,1,class_nc1_ratio,lower,0.16315670148630695,0.19999999999999998,0.9729672521217192
Qwen3-8B,non_thinking,1,fisher_nearest,higher,-0.1496229861331305,-0.406060606060606,-0.9267507407263462
Qwen3-8B,non_thinking,1,logistic_f1,higher,-0.04186372285590332,-0.38181818181818183,-0.3340802987861811
Qwen3-8B,non_thinking,1,logistic_precision,higher,-0.032883597883597855,-0.49696992650327754,-0.29166666666666674
Qwen3-8B,non_thinking,1,logistic_recall,higher,-0.05252525252525247,-0.4000473456828313,-0.40740740740740744
Qwen3-8B,non_thinking,1,mean_bhattacharyya,higher,-1.1540178712369604,0.35757575757575755,-6.625865014614881
Qwen3-8B,non_thinking,1,min_bhattacharyya,higher,-0.40733365037224456,-0.8685380813774621,-2.644397507111232
Qwen3-8B,non_thinking,1,nc2_class_cosine_deviation,lower,-0.020091648333769734,-0.41818181818181815,-0.15315958334002733
Qwen3-8B,non_thinking,1,ncc_recall,higher,-0.04848484848484845,-0.3965088288259145,-0.2962962962962963
Qwen3-8B,non_thinking,1,silhouette_cosine,higher,-0.0379841021967656,0.10303030303030303,-0.21733857442935306
Qwen3-8B,non_thinking,1,within_trace,lower,273.06094341856067,0.709090909090909,2002.4962565104165
Qwen3-8B,native_thinking,1,centroid_nearest_squared,higher,-3.634351695667601,-0.10366046366424772,-57.24924723307291
Qwen3-8B,native_thinking,1,class_nc1_ratio,lower,-0.3827154853446152,-0.3939393939393939,-3.3696834576673265
Qwen3-8B,native_thinking,1,fisher_nearest,higher,-0.003938628874388704,-0.5272727272727272,-0.03855043594013498
Qwen3-8B,native_thinking,1,logistic_f1,higher,-0.02747178252525842,-0.42553388057604524,-0.19368177574059925
Qwen3-8B,native_thinking,1,logistic_precision,higher,-0.04486291486291484,-0.5243999926544296,-0.2746031746031746
Qwen3-8B,native_thinking,1,logistic_recall,higher,-0.012794612794612777,-0.1563263498701806,-0.11111111111111105
Qwen3-8B,native_thinking,1,mean_bhattacharyya,higher,-0.0003103319442632798,0.006060606060606061,0.09877817111986653
Qwen3-8B,native_thinking,1,min_bhattacharyya,higher,-0.025457517125389774,-0.13414883533020291,-0.12059745192527793
Qwen3-8B,native_thinking,1,nc2_class_cosine_deviation,lower,-0.000853654238288422,-0.06666666666666665,-0.036863258694884965
Qwen3-8B,native_thinking,1,ncc_recall,higher,0.009427609427609432,0.006556143813738832,0.1111111111111111
Qwen3-8B,native_thinking,1,silhouette_cosine,higher,-0.0035450096383239284,-0.4545454545454545,-0.026847290496031448
Qwen3-8B,native_thinking,1,within_trace,lower,-55.409148615057,-0.1515151515151515,-384.45882161458303
Qwen3-8B,non_thinking,2,centroid_nearest_squared,higher,-397.8686148441195,-0.9240164263936983,-2507.0439046223955
Qwen3-8B,non_thinking,2,class_nc1_ratio,lower,0.43618938227969123,0.22424242424242422,2.7816985476084217
Qwen3-8B,non_thinking,2,fisher_nearest,higher,-0.3653784061342517,-0.709090909090909,-2.24377022301061
Qwen3-8B,non_thinking,2,logistic_f1,higher,-0.056801735702664474,-0.8206724839680872,-0.3987757226147319
Qwen3-8B,non_thinking,2,logistic_precision,higher,-0.06725379591689748,-0.7294866524160775,-0.5427015250544662
Qwen3-8B,non_thinking,2,logistic_recall,higher,-0.043097643097643065,-0.5173373344713462,-0.25925925925925924
Qwen3-8B,non_thinking,2,mean_bhattacharyya,higher,-1.8838307261065566,0.33333333333333326,-10.676308194796244
Qwen3-8B,non_thinking,2,min_bhattacharyya,higher,-1.0433093305790049,-0.25689154519615076,-6.4486945271492
Qwen3-8B,non_thinking,2,nc2_class_cosine_deviation,lower,-0.033060496184784,-0.7454545454545454,-0.25134196319452545
Qwen3-8B,non_thinking,2,ncc_recall,higher,-0.06936026936026929,-0.5600662839559639,-0.4814814814814814
Qwen3-8B,non_thinking,2,silhouette_cosine,higher,-0.04434459320071965,0.24848484848484845,-0.2414233225087325
Qwen3-8B,non_thinking,2,within_trace,lower,192.93709420868868,0.43030303030303024,1509.440694173177
Qwen3-8B,native_thinking,2,centroid_nearest_squared,higher,-5.117606885505427,-0.09146511499786562,-62.802332560221345
Qwen3-8B,native_thinking,2,class_nc1_ratio,lower,-0.3286848621869412,-0.4666666666666666,-3.549026423090387
Qwen3-8B,native_thinking,2,fisher_nearest,higher,-0.003085520623302205,-0.2606060606060606,-0.031005487851550412
Qwen3-8B,native_thinking,2,logistic_f1,higher,-0.03680017822651047,-0.41818181818181815,-0.2837948450017416
Qwen3-8B,native_thinking,2,logistic_precision,higher,-0.05828101191737552,-0.41818181818181815,-0.4265456765456766
Qwen3-8B,native_thinking,2,logistic_recall,higher,-0.01616161616161615,-0.174523438134912,-0.1481481481481482
Qwen3-8B,native_thinking,2,mean_bhattacharyya,higher,-0.019968315407081966,-0.2606060606060606,-0.0825535279733165
Qwen3-8B,native_thinking,2,min_bhattacharyya,higher,-0.03326542567123059,-0.2804930193267879,-0.16548373301823927
Qwen3-8B,native_thinking,2,nc2_class_cosine_deviation,lower,0.0005407776021573899,0.0303030303030303,-0.02770410872873208
Qwen3-8B,native_thinking,2,ncc_recall,higher,-0.026936026936026907,-0.4474071525726429,-0.18518518518518517
Qwen3-8B,native_thinking,2,silhouette_cosine,higher,-0.00403894316969496,-0.34545454545454546,-0.03326295564572017
Qwen3-8B,native_thinking,2,within_trace,lower,-26.514117986505806,-0.01818181818181818,-89.929931640625
Qwen3-8B,non_thinking,3,centroid_nearest_squared,higher,-407.2348264752008,-0.9207488243118473,-2575.351206461589
Qwen3-8B,non_thinking,3,class_nc1_ratio,lower,0.41666323153908724,0.16363636363636364,2.644513540406151
Qwen3-8B,non_thinking,3,fisher_nearest,higher,-0.372931153907382,-0.7212121212121211,-2.3047503672121845
Qwen3-8B,non_thinking,3,logistic_f1,higher,-0.055482369367818245,-0.406060606060606,-0.42025151491095764
Qwen3-8B,non_thinking,3,logistic_precision,higher,-0.05191027926322041,-0.4545454545454545,-0.398155929038282
Qwen3-8B,non_thinking,3,logistic_recall,higher,-0.0552188552188552,-0.4036867138796655,-0.4074074074074074
Qwen3-8B,non_thinking,3,mean_bhattacharyya,higher,-2.2208569783152905,0.28484848484848485,-13.057408427750627
Qwen3-8B,non_thinking,3,min_bhattacharyya,higher,-1.213248688524418,-0.6605782590758164,-7.539784133434296
Qwen3-8B,non_thinking,3,nc2_class_cosine_deviation,lower,-0.03163738890651727,-0.7333333333333332,-0.22816315576924717
Qwen3-8B,non_thinking,3,ncc_recall,higher,-0.06599326599326598,-0.48304589153964794,-0.44444444444444436
Qwen3-8B,non_thinking,3,silhouette_cosine,higher,-0.044444914026693795,0.16363636363636364,-0.24196681380271912
Qwen3-8B,non_thinking,3,within_trace,lower,121.76002530184664,0.35757575757575755,990.129435221354
Qwen3-8B,native_thinking,3,centroid_nearest_squared,higher,-8.416385719992885,-0.03048837166595521,-61.01646931966147
Qwen3-8B,native_thinking,3,class_nc1_ratio,lower,-0.39431350951879846,-0.49090909090909085,-5.318612502151172
Qwen3-8B,native_thinking,3,fisher_nearest,higher,-0.0036471449858047466,-0.6,-0.027278354409736888
Qwen3-8B,native_thinking,3,logistic_f1,higher,-0.047066115476848164,-0.5167197121280549,-0.36850691543674013
Qwen3-8B,native_thinking,3,logistic_precision,higher,-0.05960798460798458,-0.5167197121280549,-0.46719576719576716
Qwen3-8B,native_thinking,3,logistic_recall,higher,-0.033670033670033635,-0.3484434007582993,-0.2592592592592592
Qwen3-8B,native_thinking,3,mean_bhattacharyya,higher,-0.05497511231939391,-0.32121212121212117,-0.37514453905600087
Qwen3-8B,native_thinking,3,min_bhattacharyya,higher,-0.054267908948840475,-0.46200821319684915,-0.32281094789505005
Qwen3-8B,native_thinking,3,nc2_class_cosine_deviation,lower,0.0005080649255033837,0.2606060606060606,-0.013035254997542378
Qwen3-8B,native_thinking,3,ncc_recall,higher,-0.004713804713804705,-0.13671283958934627,-0.037037037037037035
Qwen3-8B,native_thinking,3,silhouette_cosine,higher,-0.004238108884204515,-0.38181818181818183,-0.034785640736420945
Qwen3-8B,native_thinking,3,within_trace,lower,-5.717034727154475,-0.24848484848484845,-54.28564453125
Qwen3-8B,non_thinking,4,centroid_nearest_squared,higher,-325.36267274798735,-0.8685380813774621,-2070.021672566732
Qwen3-8B,non_thinking,4,class_nc1_ratio,lower,0.33598731170682455,0.16363636363636364,1.4083282705153148
Qwen3-8B,non_thinking,4,fisher_nearest,higher,-0.35852654742046686,-0.7818181818181817,-2.223784256924879
Qwen3-8B,non_thinking,4,logistic_f1,higher,-0.051459795169336395,-0.498482545817653,-0.3726018477566465
Qwen3-8B,non_thinking,4,logistic_precision,higher,-0.04404373404373405,-0.36474332620803873,-0.2944444444444445
Qwen3-8B,non_thinking,4,logistic_recall,higher,-0.057239057239057235,-0.637920720923339,-0.44444444444444436
Qwen3-8B,non_thinking,4,mean_bhattacharyya,higher,-1.7238572209772405,0.2121212121212121,-10.25438154516397
Qwen3-8B,non_thinking,4,min_bhattacharyya,higher,-1.0210598648497542,-0.9573348703109935,-6.353702013691266
Qwen3-8B,non_thinking,4,nc2_class_cosine_deviation,lower,-0.027285370424674184,-0.7575757575757575,-0.17875779916842793
Qwen3-8B,non_thinking,4,ncc_recall,higher,-0.061952861952861905,-0.5004914301801027,-0.40740740740740744
Qwen3-8B,non_thinking,4,silhouette_cosine,higher,-0.04788634777069085,0.06666666666666665,-0.28459969659646356
Qwen3-8B,non_thinking,4,within_trace,lower,60.014989124645,0.33333333333333326,492.11008707682277
Qwen3-8B,native_thinking,4,centroid_nearest_squared,higher,-5.784207292036561,-0.012158110873601292,-49.369318644205734
Qwen3-8B,native_thinking,4,class_nc1_ratio,lower,-0.36464489337523176,-0.4424242424242424,-6.974042987011819
Qwen3-8B,native_thinking,4,fisher_nearest,higher,-0.004002435803624923,-0.29696969696969694,-0.030360584869173077
Qwen3-8B,native_thinking,4,logistic_f1,higher,-0.07135966099178337,-0.7051704306688749,-0.5300811895639481
Qwen3-8B,native_thinking,4,logistic_precision,higher,-0.06946175037084121,-0.7294866524160775,-0.5192400192400193
Qwen3-8B,native_thinking,4,logistic_recall,higher,-0.07003367003367002,-0.6462041250426642,-0.5185185185185184
Qwen3-8B,native_thinking,4,mean_bhattacharyya,higher,-0.04042887631490174,-0.34545454545454546,-0.37871112370932547
Qwen3-8B,native_thinking,4,min_bhattacharyya,higher,-0.03718277324329714,-0.23100410659842457,-0.26319446166356397
Qwen3-8B,native_thinking,4,nc2_class_cosine_deviation,lower,0.0036542057192452716,0.18787878787878787,0.006493927801694777
Qwen3-8B,native_thinking,4,ncc_recall,higher,-0.02491582491582487,-0.050851338093098254,-0.14814814814814817
Qwen3-8B,native_thinking,4,silhouette_cosine,higher,-0.005924412382371492,-0.32121212121212117,-0.04398591568072638
Qwen3-8B,native_thinking,4,within_trace,lower,-32.69975585937503,-0.16363636363636364,-136.91023763020826
Qwen3-8B,non_thinking,5,centroid_nearest_squared,higher,-376.1931856097592,-0.8685380813774621,-2383.6662724812822
Qwen3-8B,non_thinking,5,class_nc1_ratio,lower,0.31336946147813927,0.16363636363636364,1.4593629927875988
Qwen3-8B,non_thinking,5,fisher_nearest,higher,-0.3755471989844391,-0.5515151515151515,-2.3339147989123634
Qwen3-8B,non_thinking,5,logistic_f1,higher,-0.06388611904091779,-0.8303030303030302,-0.4043650793650793
Qwen3-8B,non_thinking,5,logistic_precision,higher,-0.06704545454545449,-0.7683069659820713,-0.3847222222222221
Qwen3-8B,non_thinking,5,logistic_recall,higher,-0.059259259259259255,-0.8000946913656626,-0.40740740740740744
Qwen3-8B,non_thinking,5,mean_bhattacharyya,higher,-2.0746280594305517,0.17575757575757575,-12.281031798433373
Qwen3-8B,non_thinking,5,min_bhattacharyya,higher,-1.2320612479339925,-0.9207488243118473,-7.715140670537948
Qwen3-8B,non_thinking,5,nc2_class_cosine_deviation,lower,-0.029627725505400746,-0.7454545454545454,-0.1990326516054296
Qwen3-8B,non_thinking,5,ncc_recall,higher,-0.06666666666666662,-0.45069457016745357,-0.4814814814814814
Qwen3-8B,non_thinking,5,silhouette_cosine,higher,-0.05090307247909625,-0.06666666666666665,-0.3074860858420531
Qwen3-8B,non_thinking,5,within_trace,lower,81.37026626124528,0.43030303030303024,595.4496459960938
Qwen3-8B,native_thinking,5,centroid_nearest_squared,higher,-9.609931021025668,-0.024390697332764166,-71.34217580159506
Qwen3-8B,native_thinking,5,class_nc1_ratio,lower,-0.5657903140685857,-0.41818181818181815,-8.673456842537691
Qwen3-8B,native_thinking,5,fisher_nearest,higher,-0.005547611086734748,-0.32121212121212117,-0.04005646518067117
Qwen3-8B,native_thinking,5,logistic_f1,higher,-0.03827366533248887,-0.6443798763008685,-0.3143355119825708
Qwen3-8B,native_thinking,5,logistic_precision,higher,-0.041480716253443496,-0.6402558049850594,-0.30787037037037035
Qwen3-8B,native_thinking,5,logistic_recall,higher,-0.037037037037037014,-0.4540219081634881,-0.3333333333333333
Qwen3-8B,native_thinking,5,mean_bhattacharyya,higher,-0.07805389635490638,-0.43030303030303024,-0.6143090288948132
Qwen3-8B,native_thinking,5,min_bhattacharyya,higher,-0.05836123643499426,-0.20668788485122197,-0.40354591608047485
Qwen3-8B,native_thinking,5,nc2_class_cosine_deviation,lower,0.006064124580150768,0.38181818181818183,0.025632026808436043
Qwen3-8B,native_thinking,5,ncc_recall,higher,-0.022895622895622855,-0.08026067687913557,-0.1481481481481482
Qwen3-8B,native_thinking,5,silhouette_cosine,higher,-0.006448252024975682,-0.406060606060606,-0.047596997270981475
Qwen3-8B,native_thinking,5,within_trace,lower,-24.67522416548304,-0.17575757575757575,-90.31022135416674
Qwen3-8B,non_thinking,6,centroid_nearest_squared,higher,-391.6801455873429,-0.9573348703109935,-2490.2034174601235
Qwen3-8B,non_thinking,6,class_nc1_ratio,lower,0.2744332704655499,0.07878787878787878,1.3107995631594158
Qwen3-8B,non_thinking,6,fisher_nearest,higher,-0.46753518407318884,-0.6484848484848483,-2.9085854496693044
Qwen3-8B,non_thinking,6,logistic_f1,higher,-0.06377788289412267,-0.709090909090909,-0.45760013407072236
Qwen3-8B,non_thinking,6,logistic_precision,higher,-0.06634779164190925,-0.6238794669049376,-0.36612200435729847
Qwen3-8B,non_thinking,6,logistic_recall,higher,-0.06397306397306395,-0.65853947673943,-0.5185185185185184
Qwen3-8B,non_thinking,6,mean_bhattacharyya,higher,-2.3917977911856005,0.18787878787878787,-14.123252086065433
Qwen3-8B,non_thinking,6,min_bhattacharyya,higher,-1.4775460842883934,-0.9939209163101398,-9.257474114497503
Qwen3-8B,non_thinking,6,nc2_class_cosine_deviation,lower,-0.030670571915897338,-0.7575757575757575,-0.20865269219924398
Qwen3-8B,non_thinking,6,ncc_recall,higher,-0.08552188552188547,-0.6976504990263324,-0.5925925925925926
Qwen3-8B,non_thinking,6,silhouette_cosine,higher,-0.05647781527403622,-0.24848484848484845,-0.3491851712266604
Qwen3-8B,non_thinking,6,within_trace,lower,63.716869747277556,0.32121212121212117,485.36045328776027
Qwen3-8B,native_thinking,6,centroid_nearest_squared,higher,-14.359180381081293,-0.13373921960961418,-102.5030288696289
Qwen3-8B,native_thinking,6,class_nc1_ratio,lower,-0.5721695411536336,-0.406060606060606,-8.743639486106217
Qwen3-8B,native_thinking,6,fisher_nearest,higher,-0.0074187442220479865,-0.35757575757575755,-0.05254814668645909
Qwen3-8B,native_thinking,6,logistic_f1,higher,-0.0382773982436239,-0.5183023183212385,-0.30451887293992563
Qwen3-8B,native_thinking,6,logistic_precision,higher,-0.04499470226742951,-0.5354479857600973,-0.3471639471639472
Qwen3-8B,native_thinking,6,logistic_recall,higher,-0.035690235690235675,-0.3952193658051665,-0.2962962962962963
Qwen3-8B,native_thinking,6,mean_bhattacharyya,higher,-0.14499592333530306,-0.6606060606060605,-1.0139821729174365
Qwen3-8B,native_thinking,6,min_bhattacharyya,higher,-0.12408432210936675,-0.31098139099274313,-0.831399420897166
Qwen3-8B,native_thinking,6,nc2_class_cosine_deviation,lower,0.007401124142414156,0.5757575757575757,0.031078439964740356
Qwen3-8B,native_thinking,6,ncc_recall,higher,-0.025589225589225537,-0.27799851904915146,-0.14814814814814808
Qwen3-8B,native_thinking,6,silhouette_cosine,higher,-0.008630749622754971,-0.4666666666666666,-0.06273134518414736
Qwen3-8B,native_thinking,6,within_trace,lower,-10.617600319602351,-0.09090909090909088,8.125528971354242
Qwen3-8B,non_thinking,7,centroid_nearest_squared,higher,-362.60747033321456,-0.9207488243118473,-2299.101399739583
Qwen3-8B,non_thinking,7,class_nc1_ratio,lower,0.1576913091848762,-0.01818181818181818,0.5421984042685644
Qwen3-8B,non_thinking,7,fisher_nearest,higher,-0.7139199946462972,-0.8545454545454544,-4.42734298737976
Qwen3-8B,non_thinking,7,logistic_f1,higher,-0.05652825293490251,-0.6121212121212121,-0.3946974925235795
Qwen3-8B,non_thinking,7,logistic_precision,higher,-0.05981240981240976,-0.5167197121280549,-0.4060846560846561
Qwen3-8B,non_thinking,7,logistic_recall,higher,-0.05589225589225588,-0.5583242384172624,-0.40740740740740733
Qwen3-8B,non_thinking,7,mean_bhattacharyya,higher,-2.79010045865569,0.19999999999999998,-16.610197694213305
Qwen3-8B,non_thinking,7,min_bhattacharyya,higher,-2.0117897552071176,-0.9573348703109935,-12.530068238576254
Qwen3-8B,non_thinking,7,nc2_class_cosine_deviation,lower,-0.02904552454766469,-0.8787878787878788,-0.19220791419837702
Qwen3-8B,non_thinking,7,ncc_recall,higher,-0.07811447811447805,-0.6074076879484503,-0.5185185185185184
Qwen3-8B,non_thinking,7,silhouette_cosine,higher,-0.06203247511928724,-0.16363636363636364,-0.388859860599041
Qwen3-8B,non_thinking,7,within_trace,lower,-5.008752256451146,0.16363636363636364,-27.446014404296875
Qwen3-8B,native_thinking,7,centroid_nearest_squared,higher,-31.567206226695617,-0.29179466096643103,-205.64974975585938
Qwen3-8B,native_thinking,7,class_nc1_ratio,lower,-0.8606716638995726,-0.309090909090909,-11.008648250648609
Qwen3-8B,native_thinking,7,fisher_nearest,higher,-0.013618663214091657,-0.32121212121212117,-0.09035137744651683
Qwen3-8B,native_thinking,7,logistic_f1,higher,-0.04658016275663331,-0.47561859798890127,-0.3869957384663266
Qwen3-8B,native_thinking,7,logistic_precision,higher,-0.046393255190046605,-0.4268372033233729,-0.35774410774410775
Qwen3-8B,native_thinking,7,logistic_recall,higher,-0.04040404040404037,-0.4924054147377874,-0.37037037037037024
Qwen3-8B,native_thinking,7,mean_bhattacharyya,higher,-0.20158769990057232,-0.5272727272727272,-1.347531760732333
Qwen3-8B,native_thinking,7,min_bhattacharyya,higher,-0.16976105453390047,-0.3404271044608362,-1.1358965138594308
Qwen3-8B,native_thinking,7,nc2_class_cosine_deviation,lower,0.0019846145753507054,0.06666666666666665,-0.02701644594838598
Qwen3-8B,native_thinking,7,ncc_recall,higher,-0.039057239057239,-0.5189194439191783,-0.22222222222222218
Qwen3-8B,native_thinking,7,silhouette_cosine,higher,-0.013253718930663466,-0.4424242424242424,-0.08780459314584732
Qwen3-8B,native_thinking,7,within_trace,lower,-1.0509728633996958,-0.10303030303030303,29.2095947265625
Qwen3-8B,non_thinking,8,centroid_nearest_squared,higher,-421.89434259588023,-0.9207488243118473,-2685.465657552083
Qwen3-8B,non_thinking,8,class_nc1_ratio,lower,0.13296145842184676,-0.05454545454545454,0.526045184233447
Qwen3-8B,non_thinking,8,fisher_nearest,higher,-0.7212200675717519,-0.7939393939393938,-4.484874872411822
Qwen3-8B,non_thinking,8,logistic_f1,higher,-0.06093275007132248,-0.6969696969696969,-0.41035602646855845
Qwen3-8B,non_thinking,8,logistic_precision,higher,-0.06538202538202537,-0.7294866524160775,-0.41269841269841273
Qwen3-8B,non_thinking,8,logistic_recall,higher,-0.059932659932659914,-0.7590364705574848,-0.4444444444444444
Qwen3-8B,non_thinking,8,mean_bhattacharyya,higher,-3.3006849130797407,0.19999999999999998,-19.699668400817448
Qwen3-8B,non_thinking,8,min_bhattacharyya,higher,-2.1533582262920588,-0.9908673886137245,-13.465388864278793
Qwen3-8B,non_thinking,8,nc2_class_cosine_deviation,lower,-0.03105927863863136,-0.8787878787878788,-0.22143743533656446
Qwen3-8B,non_thinking,8,ncc_recall,higher,-0.06868686868686866,-0.5548883643203848,-0.48148148148148134
Qwen3-8B,non_thinking,8,silhouette_cosine,higher,-0.06528517653544737,-0.12727272727272726,-0.41654856751362485
Qwen3-8B,non_thinking,8,within_trace,lower,18.7249963008997,0.2606060606060606,150.25594075520826
Qwen3-8B,native_thinking,8,centroid_nearest_squared,higher,-41.435381571451764,-0.31707906532593416,-265.9697672526042
Qwen3-8B,native_thinking,8,class_nc1_ratio,lower,-1.1032515100785243,-0.38181818181818183,-11.443892377808817
Qwen3-8B,native_thinking,8,fisher_nearest,higher,-0.018350019047642295,-0.3696969696969697,-0.11867072032563325
Qwen3-8B,native_thinking,8,logistic_f1,higher,-0.058916422265459775,-0.7234075969792769,-0.4649604403164775
Qwen3-8B,native_thinking,8,logistic_precision,higher,-0.07476551226551222,-0.743916268649307,-0.5319444444444446
Qwen3-8B,native_thinking,8,logistic_recall,higher,-0.04848484848484845,-0.49091569283208464,-0.40740740740740733
Qwen3-8B,native_thinking,8,mean_bhattacharyya,higher,-0.2366477683738425,-0.3696969696969697,-1.5796647358823703
Qwen3-8B,native_thinking,8,min_bhattacharyya,higher,-0.1952275926416568,-0.3792208524324131,-1.2982469995816548
Qwen3-8B,native_thinking,8,nc2_class_cosine_deviation,lower,-0.0025478518324435016,-0.11515151515151514,-0.029333817304989795
Qwen3-8B,native_thinking,8,ncc_recall,higher,-0.04781144781144776,-0.4531529472296166,-0.37037037037037035
Qwen3-8B,native_thinking,8,silhouette_cosine,higher,-0.013625876334580499,-0.35757575757575755,-0.09227707237005234
Qwen3-8B,native_thinking,8,within_trace,lower,-13.267975408380783,-0.18787878787878787,-69.93086751302076
Qwen3-8B,non_thinking,9,centroid_nearest_squared,higher,-357.99088199499835,-0.884162778312701,-2272.4492823282876
Qwen3-8B,non_thinking,9,class_nc1_ratio,lower,0.07584083516785071,-0.07878787878787878,0.2758769781785806
Qwen3-8B,non_thinking,9,fisher_nearest,higher,-1.1796971807057788,-0.8787878787878788,-7.271481129915515
Qwen3-8B,non_thinking,9,logistic_f1,higher,-0.023520236369940842,-0.2121212121212121,-0.17223047563604832
Qwen3-8B,non_thinking,9,logistic_precision,higher,-0.015329115329115281,-0.14024650966339394,-0.10185185185185175
Qwen3-8B,non_thinking,9,logistic_recall,higher,-0.024242424242424197,-0.250932930669947,-0.18518518518518534
Qwen3-8B,non_thinking,9,mean_bhattacharyya,higher,-3.3217370056544033,0.24848484848484845,-19.373102291866584
Qwen3-8B,non_thinking,9,min_bhattacharyya,higher,-2.1120399498578246,-0.8109906863144085,-13.179193794727325
Qwen3-8B,non_thinking,9,nc2_class_cosine_deviation,lower,-0.026019940982697144,-0.8424242424242423,-0.16572950076725756
Qwen3-8B,non_thinking,9,ncc_recall,higher,-0.0848484848484848,-0.8124038404635959,-0.5925925925925924
Qwen3-8B,non_thinking,9,silhouette_cosine,higher,-0.06957725026842311,-0.11515151515151514,-0.4348865834375223
Qwen3-8B,non_thinking,9,within_trace,lower,-16.919739509351228,0.06666666666666665,-26.122782389322992
Qwen3-8B,native_thinking,9,centroid_nearest_squared,higher,-55.67950226754849,-0.38905954795524134,-356.41505432128906
Qwen3-8B,native_thinking,9,class_nc1_ratio,lower,-1.079705099234975,-0.3696969696969697,-10.366140168001658
Qwen3-8B,native_thinking,9,fisher_nearest,higher,-0.021738608612478824,-0.4666666666666666,-0.13990976012283923
Qwen3-8B,native_thinking,9,logistic_f1,higher,-0.052336220760638534,-0.6018264882432639,-0.41447101342443926
Qwen3-8B,native_thinking,9,logistic_precision,higher,-0.056325156325156285,-0.5609860386535758,-0.4174603174603175
Qwen3-8B,native_thinking,9,logistic_recall,higher,-0.04915824915824913,-0.5124335523821733,-0.40740740740740744
Qwen3-8B,native_thinking,9,mean_bhattacharyya,higher,-0.29187886265391816,-0.33333333333333326,-1.9382730402328354
Qwen3-8B,native_thinking,9,min_bhattacharyya,higher,-0.2368960981116148,-0.4573255749893281,-1.5611599584420524
Qwen3-8B,native_thinking,9,nc2_class_cosine_deviation,lower,-0.012945961492854577,-0.6484848484848483,-0.08376877445252356
Qwen3-8B,native_thinking,9,ncc_recall,higher,-0.03703703703703699,-0.23854214911071145,-0.2962962962962963
Qwen3-8B,native_thinking,9,silhouette_cosine,higher,-0.01533560439041165,-0.38181818181818183,-0.10384022817015648
Qwen3-8B,native_thinking,9,within_trace,lower,20.44297540838064,-0.01818181818181818,157.29032389322902
Qwen3-8B,non_thinking,10,centroid_nearest_squared,higher,-381.0982062137485,-0.884162778312701,-2423.658353169759
Qwen3-8B,non_thinking,10,class_nc1_ratio,lower,0.07439281707717856,-0.07878787878787878,0.2693350323037118
Qwen3-8B,non_thinking,10,fisher_nearest,higher,-1.1254477177061282,-0.7939393939393938,-6.949447941590967
Qwen3-8B,non_thinking,10,logistic_f1,higher,-0.0387714312778251,-0.46200821319684915,-0.28322440087145967
Qwen3-8B,non_thinking,10,logistic_precision,higher,-0.035231098867462486,-0.41337576970244394,-0.26256613756613745
Qwen3-8B,non_thinking,10,logistic_recall,higher,-0.04040404040404036,-0.43713808458768466,-0.2962962962962964
Qwen3-8B,non_thinking,10,mean_bhattacharyya,higher,-3.5297733517206846,0.18787878787878787,-20.525917563173508
Qwen3-8B,non_thinking,10,min_bhattacharyya,higher,-2.29034398920608,-0.8930039428247147,-14.27912379304568
Qwen3-8B,non_thinking,10,nc2_class_cosine_deviation,lower,-0.025319400587768284,-0.8424242424242423,-0.16031546020734688
Qwen3-8B,non_thinking,10,ncc_recall,higher,-0.07070707070707068,-0.5731813873199579,-0.5185185185185184
Qwen3-8B,non_thinking,10,silhouette_cosine,higher,-0.07286719656126059,-0.17575757575757575,-0.4604632090777159
Qwen3-8B,non_thinking,10,within_trace,lower,-0.9621119643702001,0.2606060606060606,67.32350667317712
Qwen3-8B,native_thinking,10,centroid_nearest_squared,higher,-70.04095583829007,-0.3161108827136336,-446.94260152180993
Qwen3-8B,native_thinking,10,class_nc1_ratio,lower,-1.29450265178948,-0.28484848484848485,-11.95051353256527
Qwen3-8B,native_thinking,10,fisher_nearest,higher,-0.026225911116249633,-0.406060606060606,-0.1679557860426736
Qwen3-8B,native_thinking,10,logistic_f1,higher,-0.032916560042932086,-0.4424242424242424,-0.262146751310838
Qwen3-8B,native_thinking,10,logistic_precision,higher,-0.0349672717854536,-0.5515151515151515,-0.24309116809116804
Qwen3-8B,native_thinking,10,logistic_recall,higher,-0.032996632996632955,-0.473902240270431,-0.2962962962962963
Qwen3-8B,native_thinking,10,mean_bhattacharyya,higher,-0.31974813725410456,-0.24848484848484845,-2.12224576484274
Qwen3-8B,native_thinking,10,min_bhattacharyya,higher,-0.26213309132691565,-0.34252206026153437,-1.7116205841302872
Qwen3-8B,native_thinking,10,nc2_class_cosine_deviation,lower,-0.01769995369777375,-0.7333333333333332,-0.11711114752796248
Qwen3-8B,native_thinking,10,ncc_recall,higher,-0.043771043771043724,-0.349046876269824,-0.33333333333333337
Qwen3-8B,native_thinking,10,silhouette_cosine,higher,-0.017003517168940906,-0.28484848484848485,-0.11428175866603851
Qwen3-8B,native_thinking,10,within_trace,lower,19.028678385416793,0.1515151515151515,142.93074544270848
Qwen3-8B,non_thinking,11,centroid_nearest_squared,higher,-383.96932548754114,-0.884162778312701,-2436.076171875
Qwen3-8B,non_thinking,11,class_nc1_ratio,lower,0.05406059485134181,-0.07878787878787878,0.14979253964897699
Qwen3-8B,non_thinking,11,fisher_nearest,higher,-1.2717897166732077,-0.6606060606060605,-7.8388471813773375
Qwen3-8B,non_thinking,11,logistic_f1,higher,-0.03846407342748462,-0.5878787878787878,-0.29607137501874337
Qwen3-8B,non_thinking,11,logistic_precision,higher,-0.031458625549534616,-0.49090909090909085,-0.2225589225589225
Qwen3-8B,non_thinking,11,logistic_recall,higher,-0.04040404040404037,-0.473902240270431,-0.33333333333333326
Qwen3-8B,non_thinking,11,mean_bhattacharyya,higher,-3.7097977067484944,0.18787878787878787,-21.7237796496462
Qwen3-8B,non_thinking,11,min_bhattacharyya,higher,-2.837399409575893,-0.9541685964428458,-17.637967586517334
Qwen3-8B,non_thinking,11,nc2_class_cosine_deviation,lower,-0.024600033852833735,-0.7696969696969697,-0.15357396543148616
Qwen3-8B,non_thinking,11,ncc_recall,higher,-0.07676767676767669,-0.5443654172013671,-0.5925925925925927
Qwen3-8B,non_thinking,11,silhouette_cosine,higher,-0.07245977587264135,-0.2606060606060606,-0.45901906940465176
Qwen3-8B,non_thinking,11,within_trace,lower,-2.7147194602271876,0.2606060606060606,54.400268554687614
Qwen3-8B,native_thinking,11,centroid_nearest_squared,higher,-64.34837091619312,-0.4012176588288426,-409.4328943888346
Qwen3-8B,native_thinking,11,class_nc1_ratio,lower,-1.10953988021533,-0.2727272727272727,-9.773425543275941
Qwen3-8B,native_thinking,11,fisher_nearest,higher,-0.025735323850731892,-0.406060606060606,-0.16503920340699238
Qwen3-8B,native_thinking,11,logistic_f1,higher,-0.05972978002389762,-0.5515151515151515,-0.4223622782446312
Qwen3-8B,native_thinking,11,logistic_precision,higher,-0.07346320346320344,-0.6158651076522952,-0.47777777777777786
Qwen3-8B,native_thinking,11,logistic_recall,higher,-0.052525252525252523,-0.4724282017376836,-0.4074074074074074
Qwen3-8B,native_thinking,11,mean_bhattacharyya,higher,-0.31032721775549393,-0.2606060606060606,-2.0941716520874594
Qwen3-8B,native_thinking,11,min_bhattacharyya,higher,-0.26032119745557936,-0.44985010232324774,-1.6948230614264808
Qwen3-8B,native_thinking,11,nc2_class_cosine_deviation,lower,-0.01513920902559205,-0.5878787878787878,-0.10315808859259012
Qwen3-8B,native_thinking,11,ncc_recall,higher,-0.07609427609427609,-0.5670837129867669,-0.5555555555555556
Qwen3-8B,native_thinking,11,silhouette_cosine,higher,-0.016641430601929155,-0.41818181818181815,-0.11322575807571411
Qwen3-8B,native_thinking,11,within_trace,lower,-17.29742690577646,-0.3939393939393939,-136.387451171875
Qwen3-8B,non_thinking,12,centroid_nearest_squared,higher,-401.4857940673824,-0.9207488243118473,-2553.063262939453
Qwen3-8B,non_thinking,12,class_nc1_ratio,lower,0.04316321446052386,-0.12727272727272726,0.0723768553230203
Qwen3-8B,non_thinking,12,fisher_nearest,higher,-0.9557655491051854,-0.6242424242424242,-5.91406151583506
Qwen3-8B,non_thinking,12,logistic_f1,higher,-0.039765563641724594,-0.5030303030303029,-0.33614264419217993
Qwen3-8B,non_thinking,12,logistic_precision,higher,-0.03150334513970875,-0.32826899358723494,-0.27195767195767195
Qwen3-8B,non_thinking,12,logistic_recall,higher,-0.03838383838383832,-0.4153902016271485,-0.33333333333333326
Qwen3-8B,non_thinking,12,mean_bhattacharyya,higher,-3.7281674882779585,0.16363636363636364,-22.25647630735681
Qwen3-8B,non_thinking,12,min_bhattacharyya,higher,-2.8416686090556023,-0.9908673886137245,-17.737092276414234
Qwen3-8B,non_thinking,12,nc2_class_cosine_deviation,lower,-0.02535175307337831,-0.7818181818181817,-0.15873176756472063
Qwen3-8B,non_thinking,12,ncc_recall,higher,-0.07340067340067333,-0.6193405057508146,-0.5555555555555555
Qwen3-8B,non_thinking,12,silhouette_cosine,higher,-0.07525771384437875,-0.34545454545454546,-0.4863361828029156
Qwen3-8B,non_thinking,12,within_trace,lower,10.835546875000066,0.2606060606060606,133.41959635416663
Qwen3-8B,native_thinking,12,centroid_nearest_squared,higher,-69.62467281457143,-0.6280604563186774,-441.72996266682946
Qwen3-8B,native_thinking,12,class_nc1_ratio,lower,-1.218828527763437,-0.32121212121212117,-9.299167045329504
Qwen3-8B,native_thinking,12,fisher_nearest,higher,-0.027747734212966845,-0.6242424242424242,-0.17724502323886202
Qwen3-8B,native_thinking,12,logistic_f1,higher,-0.06516905752199864,-0.6969696969696969,-0.46039526921879864
Qwen3-8B,native_thinking,12,logistic_precision,higher,-0.0692439546985001,-0.8060606060606059,-0.43716931216931204
Qwen3-8B,native_thinking,12,logistic_recall,higher,-0.061952861952861954,-0.697277051246695,-0.48148148148148145
Qwen3-8B,native_thinking,12,mean_bhattacharyya,higher,-0.318457120396071,-0.28484848484848485,-2.1196594354179163
Qwen3-8B,native_thinking,12,min_bhattacharyya,higher,-0.26567986291466306,-0.6850441205230687,-1.7133724242448807
Qwen3-8B,native_thinking,12,nc2_class_cosine_deviation,lower,-0.016470334895743968,-0.5515151515151515,-0.10632759345687709
Qwen3-8B,native_thinking,12,ncc_recall,higher,-0.07272727272727274,-0.501865861339894,-0.5185185185185184
Qwen3-8B,native_thinking,12,silhouette_cosine,higher,-0.016471108432972052,-0.5272727272727272,-0.11030132571856181
Qwen3-8B,native_thinking,12,within_trace,lower,-10.947391394412893,-0.28484848484848485,-110.57430013020803
Qwen3-8B,non_thinking,13,centroid_nearest_squared,higher,-408.3065192482684,-0.8109906863144085,-2600.608632405599
Qwen3-8B,non_thinking,13,class_nc1_ratio,lower,0.02971111976087904,-0.11515151515151514,-0.05791247732195848
Qwen3-8B,non_thinking,13,fisher_nearest,higher,-1.3821211751592106,-0.6484848484848483,-8.523441387812529
Qwen3-8B,non_thinking,13,logistic_f1,higher,-0.06205350205350207,-0.5471149893120582,-0.4761904761904762
Qwen3-8B,non_thinking,13,logistic_precision,higher,-0.06390374331550801,-0.6729549061404445,-0.41666666666666663
Qwen3-8B,non_thinking,13,logistic_recall,higher,-0.060606060606060566,-0.5662208585049305,-0.5185185185185186
Qwen3-8B,non_thinking,13,mean_bhattacharyya,higher,-4.10330397159563,0.17575757575757575,-24.602317271409213
Qwen3-8B,non_thinking,13,min_bhattacharyya,higher,-3.1822507876338335,-0.9573348703109935,-19.88484130303065
Qwen3-8B,non_thinking,13,nc2_class_cosine_deviation,lower,-0.02588697200967853,-0.7818181818181817,-0.15991045774531698
Qwen3-8B,non_thinking,13,ncc_recall,higher,-0.07003367003367005,-0.5749477440104327,-0.5185185185185184
Qwen3-8B,non_thinking,13,silhouette_cosine,higher,-0.07639356327779359,-0.34545454545454546,-0.5004159112771351
Qwen3-8B,non_thinking,13,within_trace,lower,-0.10464311079538913,0.32121212121212117,50.1904296875
Qwen3-8B,native_thinking,13,centroid_nearest_squared,higher,-72.38897612600607,-0.4085441803237998,-464.1833724975586
Qwen3-8B,native_thinking,13,class_nc1_ratio,lower,-0.9670999930909878,-0.32121212121212117,-7.6310292857731765
Qwen3-8B,native_thinking,13,fisher_nearest,higher,-0.02843058931800598,-0.406060606060606,-0.18286372435960785
Qwen3-8B,native_thinking,13,logistic_f1,higher,-0.07287190793382743,-0.7454545454545454,-0.5730859010270775
Qwen3-8B,native_thinking,13,logistic_precision,higher,-0.07449494949494952,-0.697277051246695,-0.5694444444444444
Qwen3-8B,native_thinking,13,logistic_recall,higher,-0.0727272727272727,-0.7217429126939475,-0.5925925925925926
Qwen3-8B,native_thinking,13,mean_bhattacharyya,higher,-0.33008481432693154,-0.19999999999999998,-2.174610731778322
Qwen3-8B,native_thinking,13,min_bhattacharyya,higher,-0.3056205518317942,-0.4648513674977967,-1.9812873800595603
Qwen3-8B,native_thinking,13,nc2_class_cosine_deviation,lower,-0.015386239165392128,-0.7818181818181817,-0.09786464619247137
Qwen3-8B,native_thinking,13,ncc_recall,higher,-0.057239057239057194,-0.5504818825631803,-0.4074074074074074
Qwen3-8B,native_thinking,13,silhouette_cosine,higher,-0.01900106015982048,-0.4666666666666666,-0.12562979633609456
Qwen3-8B,native_thinking,13,within_trace,lower,4.745722360321928,0.1515151515151515,19.331298828125
Qwen3-8B,non_thinking,14,centroid_nearest_squared,higher,-421.11302545720827,-0.591474410319531,-2681.683568318685
Qwen3-8B,non_thinking,14,class_nc1_ratio,lower,0.04287482147112897,-0.11515151515151514,-0.06637182276869624
Qwen3-8B,non_thinking,14,fisher_nearest,higher,-1.379523283342625,-0.6,-8.510683674704293
Qwen3-8B,non_thinking,14,logistic_f1,higher,-0.0559850834019632,-0.6018264882432639,-0.46512964160022985
Qwen3-8B,non_thinking,14,logistic_precision,higher,-0.05460776597140231,-0.5487906899871938,-0.4191919191919191
Qwen3-8B,non_thinking,14,logistic_recall,higher,-0.05319865319865316,-0.5371291452680612,-0.48148148148148145
Qwen3-8B,non_thinking,14,mean_bhattacharyya,higher,-4.004593531932888,0.09090909090909088,-24.040546679938284
Qwen3-8B,non_thinking,14,min_bhattacharyya,higher,-3.2558652039730145,-0.8389096502784891,-20.324836860100426
Qwen3-8B,non_thinking,14,nc2_class_cosine_deviation,lower,-0.027671573760829057,-0.7818181818181817,-0.17290412339883943
Qwen3-8B,non_thinking,14,ncc_recall,higher,-0.07003367003367,-0.5016658096581598,-0.5555555555555556
Qwen3-8B,non_thinking,14,silhouette_cosine,higher,-0.07692978206005958,-0.33333333333333326,-0.5014760121703148
Qwen3-8B,non_thinking,14,within_trace,lower,-1.7206613251656673,0.29696969696969694,14.838602701822992
Qwen3-8B,native_thinking,14,centroid_nearest_squared,higher,-85.43839513605282,-0.4648513674977967,-550.3860778808594
Qwen3-8B,native_thinking,14,class_nc1_ratio,lower,-0.6384753819382121,-0.2121212121212121,-4.944526686747774
Qwen3-8B,native_thinking,14,fisher_nearest,higher,-0.033292378983240375,-0.4666666666666666,-0.21460962548012785
Qwen3-8B,native_thinking,14,logistic_f1,higher,-0.03721309363724224,-0.5592731001856595,-0.2816059757236228
Qwen3-8B,native_thinking,14,logistic_precision,higher,-0.03870610870610869,-0.5183023183212385,-0.2777777777777778
Qwen3-8B,native_thinking,14,logistic_recall,higher,-0.03299663299663297,-0.4550075351374491,-0.2592592592592592
Qwen3-8B,native_thinking,14,mean_bhattacharyya,higher,-0.38019782120129847,-0.19999999999999998,-2.493419617414475
Qwen3-8B,native_thinking,14,min_bhattacharyya,higher,-0.36239156145038004,-0.3792208524324131,-2.341825157403946
Qwen3-8B,native_thinking,14,nc2_class_cosine_deviation,lower,-0.010933983285820435,-0.6,-0.0775143920516772
Qwen3-8B,native_thinking,14,ncc_recall,higher,-0.059932659932659844,-0.49696992650327754,-0.44444444444444436
Qwen3-8B,native_thinking,14,silhouette_cosine,higher,-0.02153669185372011,-0.5878787878787878,-0.14390621799975634
Qwen3-8B,native_thinking,14,within_trace,lower,19.369707327177967,0.6969696969696969,118.07047526041652
Qwen3-8B,non_thinking,15,centroid_nearest_squared,higher,-438.13209482828717,-0.6280604563186774,-2780.170811971029
Qwen3-8B,non_thinking,15,class_nc1_ratio,lower,0.01182037980379446,-0.11515151515151514,-0.2633942642115856
Qwen3-8B,non_thinking,15,fisher_nearest,higher,-1.0593022631833404,-0.5878787878787878,-6.554009690379908
Qwen3-8B,non_thinking,15,logistic_f1,higher,-0.05494602982781983,-0.5515151515151515,-0.4397648991302242
Qwen3-8B,non_thinking,15,logistic_precision,higher,-0.06065640242110827,-0.6242424242424242,-0.43563288563288555
Qwen3-8B,non_thinking,15,logistic_recall,higher,-0.04309764309764312,-0.3536651113250804,-0.4074074074074074
Qwen3-8B,non_thinking,15,mean_bhattacharyya,higher,-3.6779804791665582,-0.006060606060606061,-22.369764890935688
Qwen3-8B,non_thinking,15,min_bhattacharyya,higher,-3.241115678621057,-0.8389096502784891,-20.260112315416336
Qwen3-8B,non_thinking,15,nc2_class_cosine_deviation,lower,-0.02919409978093725,-0.7818181818181817,-0.18639001801395372
Qwen3-8B,non_thinking,15,ncc_recall,higher,-0.057912457912457915,-0.36927447293799814,-0.4814814814814814
Qwen3-8B,non_thinking,15,silhouette_cosine,higher,-0.07754319822697922,-0.38181818181818183,-0.5105686746537685
Qwen3-8B,non_thinking,15,within_trace,lower,-2.020203006628709,0.29696969696969694,-8.559244791666629
Qwen3-8B,native_thinking,15,centroid_nearest_squared,higher,-108.05069224039703,-0.5260160211159278,-701.536282857259
Qwen3-8B,native_thinking,15,class_nc1_ratio,lower,-0.5629589324428743,-0.2727272727272727,-4.224235907721441
Qwen3-8B,native_thinking,15,fisher_nearest,higher,-0.042391662411782494,-0.5151515151515151,-0.2734623233226938
Qwen3-8B,native_thinking,15,logistic_f1,higher,-0.02971432592175625,-0.6850441205230687,-0.20505675954592373
Qwen3-8B,native_thinking,15,logistic_precision,higher,-0.026979535615899247,-0.7339758434175736,-0.18939393939393945
Qwen3-8B,native_thinking,15,logistic_recall,higher,-0.0323232323232323,-0.6565009360958634,-0.22222222222222232
Qwen3-8B,native_thinking,15,mean_bhattacharyya,higher,-0.39530100304670973,-0.19999999999999998,-2.6088464756806693
Qwen3-8B,native_thinking,15,min_bhattacharyya,higher,-0.3851416055000186,-0.5260160211159278,-2.505971441666285
Qwen3-8B,native_thinking,15,nc2_class_cosine_deviation,lower,-0.01094362965537243,-0.6242424242424242,-0.08516670554998979
Qwen3-8B,native_thinking,15,ncc_recall,higher,-0.0471380471380471,-0.6357639532057509,-0.33333333333333337
Qwen3-8B,native_thinking,15,silhouette_cosine,higher,-0.023714873205983256,-0.49090909090909085,-0.1604567312945922
Qwen3-8B,native_thinking,15,within_trace,lower,36.821086351799295,0.8787878787878788,264.7747395833335
Qwen3-8B,non_thinking,16,centroid_nearest_squared,higher,-466.08307388768003,-0.7744046403152623,-2959.4642486572266
Qwen3-8B,non_thinking,16,class_nc1_ratio,lower,0.014614944766102728,-0.10303030303030303,-0.16302807706442857
Qwen3-8B,non_thinking,16,fisher_nearest,higher,-1.299209779559344,-0.6121212121212121,-8.003367049477935
Qwen3-8B,non_thinking,16,logistic_f1,higher,-0.050482743637823804,-0.37690143708164003,-0.35893322363910596
Qwen3-8B,non_thinking,16,logistic_precision,higher,-0.047779947325401834,-0.4863244349440517,-0.2986596736596736
Qwen3-8B,non_thinking,16,logistic_recall,higher,-0.04646464646464643,-0.4451302263229461,-0.37037037037037046
Qwen3-8B,non_thinking,16,mean_bhattacharyya,higher,-3.367715724349417,-0.01818181818181818,-20.453886964806802
Qwen3-8B,non_thinking,16,min_bhattacharyya,higher,-3.054484489469814,-0.8719674296463189,-19.120897720257442
Qwen3-8B,non_thinking,16,nc2_class_cosine_deviation,lower,-0.03287373135821721,-0.7575757575757575,-0.2179040089249612
Qwen3-8B,non_thinking,16,ncc_recall,higher,-0.06060606060606053,-0.4036867138796655,-0.5185185185185185
Qwen3-8B,non_thinking,16,silhouette_cosine,higher,-0.07276349681796443,-0.32121212121212117,-0.4755754868189494
Qwen3-8B,non_thinking,16,within_trace,lower,13.151035193241084,0.43030303030303024,157.86870320638013
Qwen3-8B,native_thinking,16,centroid_nearest_squared,higher,-102.88976537531062,-0.4012176588288426,-660.3240051269531
Qwen3-8B,native_thinking,16,class_nc1_ratio,lower,-0.42876312339255906,-0.11515151515151514,-3.3840550867159687
Qwen3-8B,native_thinking,16,fisher_nearest,higher,-0.04156788245120393,-0.3939393939393939,-0.26522029920030293
Qwen3-8B,native_thinking,16,logistic_f1,higher,-0.02808306348976204,-0.49543369430686224,-0.21466861598440556
Qwen3-8B,native_thinking,16,logistic_precision,higher,-0.017919117919117867,-0.20184335693983274,-0.1433862433862434
Qwen3-8B,native_thinking,16,logistic_recall,higher,-0.03501683501683503,-0.6255339108083227,-0.2592592592592593
Qwen3-8B,native_thinking,16,mean_bhattacharyya,higher,-0.4072732231833713,-0.2121212121212121,-2.674466070201661
Qwen3-8B,native_thinking,16,min_bhattacharyya,higher,-0.3837041647145239,-0.3963488316574177,-2.474303553501765
Qwen3-8B,native_thinking,16,nc2_class_cosine_deviation,lower,-0.010145084640332425,-0.5030303030303029,-0.08237098453666075
Qwen3-8B,native_thinking,16,ncc_recall,higher,-0.04781144781144778,-0.4090964106934038,-0.2592592592592593
Qwen3-8B,native_thinking,16,silhouette_cosine,higher,-0.02287997655626948,-0.43030303030303024,-0.1524506532587111
Qwen3-8B,native_thinking,16,within_trace,lower,17.17825964725379,0.4545454545454545,127.24820963541652
Qwen3-8B,non_thinking,17,centroid_nearest_squared,higher,-423.45156749378515,-0.8719674296463189,-2701.929773966471
Qwen3-8B,non_thinking,17,class_nc1_ratio,lower,-0.009120604369226093,-0.11515151515151514,-0.2595777873466396
Qwen3-8B,non_thinking,17,fisher_nearest,higher,-1.2700101739374916,-0.8181818181818182,-7.829403952387313
Qwen3-8B,non_thinking,17,logistic_f1,higher,-0.06817481757777161,-0.5106406566912542,-0.4746896886484987
Qwen3-8B,non_thinking,17,logistic_precision,higher,-0.06671247943975211,-0.6079055436800646,-0.44688644688644696
Qwen3-8B,non_thinking,17,logistic_recall,higher,-0.06936026936026933,-0.4554385166235311,-0.4814814814814815
Qwen3-8B,non_thinking,17,mean_bhattacharyya,higher,-3.4046050377566357,-0.09090909090909088,-20.79973519069177
Qwen3-8B,non_thinking,17,min_bhattacharyya,higher,-3.2070438876296494,-0.8753839828992931,-20.09907803932826
Qwen3-8B,non_thinking,17,nc2_class_cosine_deviation,lower,-0.0334013764237448,-0.7818181818181817,-0.21329539876293258
Qwen3-8B,non_thinking,17,ncc_recall,higher,-0.05252525252525248,-0.46774766572146437,-0.4074074074074074
Qwen3-8B,non_thinking,17,silhouette_cosine,higher,-0.07271562399286206,-0.34545454545454546,-0.47776974240938824
Qwen3-8B,non_thinking,17,within_trace,lower,8.896125192353272,0.43030303030303024,133.30515543619777
Qwen3-8B,native_thinking,17,centroid_nearest_squared,higher,-88.83331289580363,-0.4012176588288426,-570.9244079589844
Qwen3-8B,native_thinking,17,class_nc1_ratio,lower,-0.3064597103205,-0.12727272727272726,-2.3202364162964777
Qwen3-8B,native_thinking,17,fisher_nearest,higher,-0.03845364720774964,-0.3939393939393939,-0.2456611180546911
Qwen3-8B,native_thinking,17,logistic_f1,higher,-0.050066447215457804,-0.5592731001856595,-0.43801169590643274
Qwen3-8B,native_thinking,17,logistic_precision,higher,-0.03735799553981373,-0.3414697626586983,-0.31154401154401157
Qwen3-8B,native_thinking,17,logistic_recall,higher,-0.051851851851851836,-0.590244307061843,-0.4814814814814815
Qwen3-8B,native_thinking,17,mean_bhattacharyya,higher,-0.38395662797420466,-0.19999999999999998,-2.4820356236563788
Qwen3-8B,native_thinking,17,min_bhattacharyya,higher,-0.34596846988706836,-0.4012176588288426,-2.2351379593213396
Qwen3-8B,native_thinking,17,nc2_class_cosine_deviation,lower,-0.006157750208760048,-0.17575757575757575,-0.05531029577209873
Qwen3-8B,native_thinking,17,ncc_recall,higher,-0.04309764309764307,-0.6712455895421081,-0.2592592592592592
Qwen3-8B,native_thinking,17,silhouette_cosine,higher,-0.021371856882328594,-0.32121212121212117,-0.14362270267641483
Qwen3-8B,native_thinking,17,within_trace,lower,-6.857796223958326,-0.0303030303030303,-54.397705078125
Qwen3-8B,non_thinking,18,centroid_nearest_squared,higher,-425.7554207541721,-0.8719674296463189,-2719.2855529785156
Qwen3-8B,non_thinking,18,class_nc1_ratio,lower,-0.021866900427649934,-0.10303030303030303,-0.433317810823032
Qwen3-8B,non_thinking,18,fisher_nearest,higher,-1.0928040469180627,-0.8181818181818182,-6.7487634603399576
Qwen3-8B,non_thinking,18,logistic_f1,higher,-0.06506987164881896,-0.4545454545454545,-0.4517961570593148
Qwen3-8B,non_thinking,18,logistic_precision,higher,-0.06211202938475663,-0.5151515151515151,-0.416089466089466
Qwen3-8B,non_thinking,18,logistic_recall,higher,-0.06801346801346797,-0.4648513674977967,-0.4814814814814815
Qwen3-8B,non_thinking,18,mean_bhattacharyya,higher,-3.236269694305827,-0.04242424242424241,-19.953286632343577
Qwen3-8B,non_thinking,18,min_bhattacharyya,higher,-2.965244805451592,-0.9207488243118473,-18.642563581466675
Qwen3-8B,non_thinking,18,nc2_class_cosine_deviation,lower,-0.03396061069167961,-0.7818181818181817,-0.2194696434394076
Qwen3-8B,non_thinking,18,ncc_recall,higher,-0.06262626262626263,-0.5124335523821733,-0.4444444444444444
Qwen3-8B,non_thinking,18,silhouette_cosine,higher,-0.07107262105652773,-0.309090909090909,-0.4695175538460413
Qwen3-8B,non_thinking,18,within_trace,lower,5.871683756510498,0.43030303030303024,100.39503987630223
Qwen3-8B,native_thinking,18,centroid_nearest_squared,higher,-112.0382537379408,-0.32826899358723494,-729.896001180013
Qwen3-8B,native_thinking,18,class_nc1_ratio,lower,-0.39224718420236104,-0.16363636363636364,-2.960636655741655
Qwen3-8B,native_thinking,18,fisher_nearest,higher,-0.04486490187808597,-0.32121212121212117,-0.2894207671391644
Qwen3-8B,native_thinking,18,logistic_f1,higher,-0.027907558557713333,-0.3353720883255073,-0.25313283208020054
Qwen3-8B,native_thinking,18,logistic_precision,higher,-0.017828282828282832,-0.22156468376279892,-0.16666666666666652
Qwen3-8B,native_thinking,18,logistic_recall,higher,-0.032323232323232275,-0.4238426354705006,-0.2962962962962963
Qwen3-8B,native_thinking,18,mean_bhattacharyya,higher,-0.37758802271852554,-0.19999999999999998,-2.4408304923110546
Qwen3-8B,native_thinking,18,min_bhattacharyya,higher,-0.36262453920913407,-0.36474332620803873,-2.3843264778455096
Qwen3-8B,native_thinking,18,nc2_class_cosine_deviation,lower,-0.008377083558749497,-0.17575757575757575,-0.07683392588831023
Qwen3-8B,native_thinking,18,ncc_recall,higher,-0.051851851851851816,-0.6490582375601445,-0.37037037037037035
Qwen3-8B,native_thinking,18,silhouette_cosine,higher,-0.02157144758737446,-0.34545454545454546,-0.14672988156477612
Qwen3-8B,native_thinking,18,within_trace,lower,2.4447014086174463,-0.12727272727272726,20.52685546875
Qwen3-8B,non_thinking,19,centroid_nearest_squared,higher,-489.5637630578239,-0.8719674296463189,-3124.589864095052
Qwen3-8B,non_thinking,19,class_nc1_ratio,lower,-0.032564989613543496,-0.16363636363636364,-0.5042746860288955
Qwen3-8B,non_thinking,19,fisher_nearest,higher,-1.0363019969240919,-0.8181818181818182,-6.418855764640392
Qwen3-8B,non_thinking,19,logistic_f1,higher,-0.062338816440983595,-0.3719581343246535,-0.48641210870313034
Qwen3-8B,non_thinking,19,logistic_precision,higher,-0.062462722462722414,-0.3719581343246535,-0.4888888888888889
Qwen3-8B,non_thinking,19,logistic_recall,higher,-0.061952861952861926,-0.38039673386670625,-0.48148148148148145
Qwen3-8B,non_thinking,19,mean_bhattacharyya,higher,-4.210275783442483,-0.05454545454545454,-26.287537978755115
Qwen3-8B,non_thinking,19,min_bhattacharyya,higher,-4.075025787317387,-0.9240164263936983,-25.508064667383827
Qwen3-8B,non_thinking,19,nc2_class_cosine_deviation,lower,-0.035189135497511875,-0.7818181818181817,-0.2300314788127878
Qwen3-8B,non_thinking,19,ncc_recall,higher,-0.06801346801346797,-0.5169842621131974,-0.5185185185185184
Qwen3-8B,non_thinking,19,silhouette_cosine,higher,-0.07781902952119703,-0.43030303030303024,-0.5274012192773322
Qwen3-8B,non_thinking,19,within_trace,lower,22.835446444424726,0.43030303030303024,194.26119995117188
Qwen3-8B,native_thinking,19,centroid_nearest_squared,higher,-96.94291853471223,-0.3039527718400323,-632.3067779541016
Qwen3-8B,native_thinking,19,class_nc1_ratio,lower,-0.36852349663809614,-0.17575757575757575,-2.5978009330363587
Qwen3-8B,native_thinking,19,fisher_nearest,higher,-0.04016005741569408,-0.29696969696969694,-0.26070258024651577
Qwen3-8B,native_thinking,19,logistic_f1,higher,-0.03370424724913884,-0.6808542089216724,-0.28217602830605937
Qwen3-8B,native_thinking,19,logistic_precision,higher,-0.025794962613144425,-0.3374487155269168,-0.2583333333333333
Qwen3-8B,native_thinking,19,logistic_recall,higher,-0.03973063973063971,-0.610832033472192,-0.2962962962962963
Qwen3-8B,native_thinking,19,mean_bhattacharyya,higher,-0.4146133735525081,-0.19999999999999998,-2.6536404413205608
Qwen3-8B,native_thinking,19,min_bhattacharyya,higher,-0.3683448163848932,-0.4012176588288426,-2.390816768010457
Qwen3-8B,native_thinking,19,nc2_class_cosine_deviation,lower,-0.008581866737590305,-0.23636363636363633,-0.0725794618282421
Qwen3-8B,native_thinking,19,ncc_recall,higher,-0.057912457912457894,-0.7706746355884525,-0.37037037037037035
Qwen3-8B,native_thinking,19,silhouette_cosine,higher,-0.020596227986794502,-0.34545454545454546,-0.13841996155679226
Qwen3-8B,native_thinking,19,within_trace,lower,-7.549232066761342,0.06666666666666665,-48.131591796875
Qwen3-8B,non_thinking,20,centroid_nearest_squared,higher,-440.1508140795155,-0.9573348703109935,-2820.229924519857
Qwen3-8B,non_thinking,20,class_nc1_ratio,lower,-0.0873241927709662,-0.13939393939393938,-0.5881635006582626
Qwen3-8B,non_thinking,20,fisher_nearest,higher,-2.75803987137581,-0.9515151515151514,-16.936452123228875
Qwen3-8B,non_thinking,20,logistic_f1,higher,-0.0937835974368482,-0.7659609850368815,-0.6527429685324422
Qwen3-8B,non_thinking,20,logistic_precision,higher,-0.10151668197122743,-0.7659609850368815,-0.7425925925925925
Qwen3-8B,non_thinking,20,logistic_recall,higher,-0.08888888888888885,-0.7217429126939475,-0.5925925925925927
Qwen3-8B,non_thinking,20,mean_bhattacharyya,higher,-3.366245390429637,-0.006060606060606061,-20.25340649154451
Qwen3-8B,non_thinking,20,min_bhattacharyya,higher,-3.066190983851747,-0.9358192003574065,-19.10812136530876
Qwen3-8B,non_thinking,20,nc2_class_cosine_deviation,lower,-0.03183951858860355,-0.8424242424242423,-0.22327182410714153
Qwen3-8B,non_thinking,20,ncc_recall,higher,-0.07474747474747474,-0.5286784384345526,-0.5185185185185184
Qwen3-8B,non_thinking,20,silhouette_cosine,higher,-0.07812004667339895,-0.41818181818181815,-0.49807076156139374
Qwen3-8B,non_thinking,20,within_trace,lower,-26.430878795276872,0.309090909090909,-104.10543823242188
Qwen3-8B,native_thinking,20,centroid_nearest_squared,higher,-76.62989014134249,-0.23100410659842457,-489.24221293131507
Qwen3-8B,native_thinking,20,class_nc1_ratio,lower,-0.145292766861999,-0.16363636363636364,-0.9275736906546914
Qwen3-8B,native_thinking,20,fisher_nearest,higher,-0.028861583938867334,-0.19999999999999998,-0.18433077152519195
Qwen3-8B,native_thinking,20,logistic_f1,higher,-0.022898381960839872,-0.29179466096643103,-0.2451717529116909
Qwen3-8B,native_thinking,20,logistic_precision,higher,-0.01619047619047619,-0.14770978917519928,-0.16666666666666663
Qwen3-8B,native_thinking,20,logistic_recall,higher,-0.02558922558922557,-0.3988030274409017,-0.2962962962962963
Qwen3-8B,native_thinking,20,mean_bhattacharyya,higher,-0.35959120804211875,-0.11515151515151514,-2.2660647376819902
Qwen3-8B,native_thinking,20,min_bhattacharyya,higher,-0.3072321905331174,-0.23100410659842457,-1.947350988785426
Qwen3-8B,native_thinking,20,nc2_class_cosine_deviation,lower,-0.004964412499345991,-0.17575757575757575,-0.04927537427762896
Qwen3-8B,native_thinking,20,ncc_recall,higher,-0.0451178451178451,-0.483200763583236,-0.29629629629629617
Qwen3-8B,native_thinking,20,silhouette_cosine,higher,-0.017038060443221814,-0.33333333333333326,-0.11381209172153224
Qwen3-8B,native_thinking,20,within_trace,lower,20.865003551136336,0.5151515151515151,142.92146809895803
Qwen3-8B,non_thinking,21,centroid_nearest_squared,higher,-431.220580869732,-0.9573348703109935,-2756.776799519857
Qwen3-8B,non_thinking,21,class_nc1_ratio,lower,-0.11090081495288255,-0.19999999999999998,-0.6465253533372903
Qwen3-8B,non_thinking,21,fisher_nearest,higher,-2.512028864724628,-0.9393939393939393,-15.418814179457472
Qwen3-8B,non_thinking,21,logistic_f1,higher,-0.07238717251101146,-0.6363636363636362,-0.5850863962319071
Qwen3-8B,non_thinking,21,logistic_precision,higher,-0.07286053815465576,-0.7333333333333332,-0.5937908496732025
Qwen3-8B,non_thinking,21,logistic_recall,higher,-0.06936026936026927,-0.567998636375421,-0.5555555555555556
Qwen3-8B,non_thinking,21,mean_bhattacharyya,higher,-3.03240943444698,-0.05454545454545454,-18.192824257744682
Qwen3-8B,non_thinking,21,min_bhattacharyya,higher,-2.740715545596495,-0.9541685964428458,-17.134046574433643
Qwen3-8B,non_thinking,21,nc2_class_cosine_deviation,lower,-0.03205544595142184,-0.8424242424242423,-0.2196706154157596
Qwen3-8B,non_thinking,21,ncc_recall,higher,-0.08350168350168347,-0.5521888072258639,-0.5925925925925926
Qwen3-8B,non_thinking,21,silhouette_cosine,higher,-0.07774057128664212,-0.5030303030303029,-0.4925955670575301
Qwen3-8B,non_thinking,21,within_trace,lower,-17.160939719460142,0.3696969696969697,-6.4063720703125
Qwen3-8B,native_thinking,21,centroid_nearest_squared,higher,-91.71314184015434,-0.23100410659842457,-584.6844075520833
Qwen3-8B,native_thinking,21,class_nc1_ratio,lower,-0.1474141684104237,-0.10303030303030303,-1.1656328701932983
Qwen3-8B,native_thinking,21,fisher_nearest,higher,-0.033416408156195405,-0.22424242424242422,-0.2127092011245721
Qwen3-8B,native_thinking,21,logistic_f1,higher,-0.021733746130030897,-0.251552678847338,-0.15634674922600622
Qwen3-8B,native_thinking,21,logistic_precision,higher,-0.021995277449822836,-0.27695585470349865,-0.1595238095238095
Qwen3-8B,native_thinking,21,logistic_recall,higher,-0.02087542087542087,-0.2742511170691474,-0.14814814814814803
Qwen3-8B,native_thinking,21,mean_bhattacharyya,higher,-0.3757533826009184,-0.19999999999999998,-2.412966446744071
Qwen3-8B,native_thinking,21,min_bhattacharyya,higher,-0.32092484533786736,-0.29179466096643103,-2.0683809022108712
Qwen3-8B,native_thinking,21,nc2_class_cosine_deviation,lower,-0.005646413626282393,-0.17575757575757575,-0.054340379757216395
Qwen3-8B,native_thinking,21,ncc_recall,higher,-0.039057239057239033,-0.4939118577177574,-0.185185185185185
Qwen3-8B,native_thinking,21,silhouette_cosine,higher,-0.0180405003272674,-0.33333333333333326,-0.12030000643183787
Qwen3-8B,native_thinking,21,within_trace,lower,32.550069543087034,0.6121212121212121,238.727783203125
Qwen3-8B,non_thinking,22,centroid_nearest_squared,higher,-334.4472347375115,-0.9573348703109935,-2114.9773915608725
Qwen3-8B,non_thinking,22,class_nc1_ratio,lower,-0.2263613589131976,-0.17575757575757575,-1.313264553822634
Qwen3-8B,non_thinking,22,fisher_nearest,higher,-4.579442695057917,-0.9393939393939393,-28.022590881907572
Qwen3-8B,non_thinking,22,logistic_f1,higher,-0.0741240418477658,-0.5775102664960614,-0.5269138755980861
Qwen3-8B,non_thinking,22,logistic_precision,higher,-0.07742091242091236,-0.5775102664960614,-0.5633699633699634
Qwen3-8B,non_thinking,22,logistic_recall,higher,-0.06936026936026933,-0.4724282017376836,-0.48148148148148157
Qwen3-8B,non_thinking,22,mean_bhattacharyya,higher,-2.708562546948388,-0.10303030303030303,-16.25660279282817
Qwen3-8B,non_thinking,22,min_bhattacharyya,higher,-2.6016104445312926,-0.807373427759331,-16.16303038597107
Qwen3-8B,non_thinking,22,nc2_class_cosine_deviation,lower,-0.026201846084031012,-0.7212121212121211,-0.18501271052983576
Qwen3-8B,non_thinking,22,ncc_recall,higher,-0.07542087542087536,-0.5231388366621641,-0.5555555555555555
Qwen3-8B,non_thinking,22,silhouette_cosine,higher,-0.0682071960333621,-0.3696969696969697,-0.4124961271882057
Qwen3-8B,non_thinking,22,within_trace,lower,-50.46532407818408,0.01818181818181818,-217.42912801106763
Qwen3-8B,native_thinking,22,centroid_nearest_squared,higher,-63.74831018158873,-0.23100410659842457,-406.57277170817054
Qwen3-8B,native_thinking,22,class_nc1_ratio,lower,-0.08027663073299851,-0.09090909090909088,-0.49390540910620473
Qwen3-8B,native_thinking,22,fisher_nearest,higher,-0.02362778659112625,-0.22424242424242422,-0.15032404958921833
Qwen3-8B,native_thinking,22,logistic_f1,higher,-0.02194284325300365,-0.3077287274483318,-0.19035947712418289
Qwen3-8B,native_thinking,22,logistic_precision,higher,-0.01686091686091685,-0.18698939800169143,-0.1507936507936507
Qwen3-8B,native_thinking,22,logistic_recall,higher,-0.02558922558922556,-0.3461585013559571,-0.2222222222222222
Qwen3-8B,native_thinking,22,mean_bhattacharyya,higher,-0.2951297964712582,-0.10303030303030303,-1.9217681509477114
Qwen3-8B,native_thinking,22,min_bhattacharyya,higher,-0.2805722036144947,-0.23100410659842457,-1.7966794570287068
Qwen3-8B,native_thinking,22,nc2_class_cosine_deviation,lower,-0.004716908964622871,-0.17575757575757575,-0.04283322987947691
Qwen3-8B,native_thinking,22,ncc_recall,higher,-0.047811447811447756,-0.6608480480431908,-0.2592592592592592
Qwen3-8B,native_thinking,22,silhouette_cosine,higher,-0.014571847159867007,-0.17575757575757575,-0.09481757987911502
Qwen3-8B,native_thinking,22,within_trace,lower,19.8327222419507,0.3939393939393939,140.6982421875
Qwen3-8B,non_thinking,23,centroid_nearest_squared,higher,-257.4276512377187,-0.9756278933105668,-1630.2872263590496
Qwen3-8B,non_thinking,23,class_nc1_ratio,lower,-0.22194502221330384,-0.1515151515151515,-1.0676295372855575
Qwen3-8B,non_thinking,23,fisher_nearest,higher,-5.736204994648572,-0.9515151515151514,-35.100657283985335
Qwen3-8B,non_thinking,23,logistic_f1,higher,-0.060968336684632744,-0.37690143708164003,-0.5095902263084926
Qwen3-8B,non_thinking,23,logistic_precision,higher,-0.0655914624096442,-0.36474332620803873,-0.5342333592333592
Qwen3-8B,non_thinking,23,logistic_recall,higher,-0.059932659932659865,-0.40130338439567786,-0.5185185185185184
Qwen3-8B,non_thinking,23,mean_bhattacharyya,higher,-2.744398661454514,-0.04242424242424241,-16.4370452231831
Qwen3-8B,non_thinking,23,min_bhattacharyya,higher,-2.439385106527441,-0.6463534793182504,-15.131908307472866
Qwen3-8B,non_thinking,23,nc2_class_cosine_deviation,lower,-0.025151526628865595,-0.6606060606060605,-0.18740296287945035
Qwen3-8B,non_thinking,23,ncc_recall,higher,-0.074074074074074,-0.6033366817251802,-0.5555555555555556
Qwen3-8B,non_thinking,23,silhouette_cosine,higher,-0.0676977173848585,-0.406060606060606,-0.40659503142038983
Qwen3-8B,non_thinking,23,within_trace,lower,-33.31531455300063,0.22424242424242422,-151.03812154134118
Qwen3-8B,native_thinking,23,centroid_nearest_squared,higher,-38.908061773126654,-0.18237166310401937,-250.2475128173828
Qwen3-8B,native_thinking,23,class_nc1_ratio,lower,-0.05788086231831408,-0.13939393939393938,-0.4331455691219741
Qwen3-8B,native_thinking,23,fisher_nearest,higher,-0.016623841717746116,-0.17575757575757575,-0.10540846638397866
Qwen3-8B,native_thinking,23,logistic_f1,higher,-0.009694230986097016,-0.16565664216775916,-0.05370370370370359
Qwen3-8B,native_thinking,23,logistic_precision,higher,0.0007262098171189282,-0.07503664793768669,0.006253006253006177
Qwen3-8B,native_thinking,23,logistic_recall,higher,-0.017508417508417497,-0.24078203063740675,-0.11111111111111116
Qwen3-8B,native_thinking,23,mean_bhattacharyya,higher,-0.2776851300037267,-0.11515151515151514,-1.7885363388944562
Qwen3-8B,native_thinking,23,min_bhattacharyya,higher,-0.24773423202110037,-0.19452977397762067,-1.5766671299934385
Qwen3-8B,native_thinking,23,nc2_class_cosine_deviation,lower,-0.0037256646437275488,-0.13939393939393938,-0.033572128801434176
Qwen3-8B,native_thinking,23,ncc_recall,higher,-0.04175084175084172,-0.5051568202827216,-0.22222222222222232
Qwen3-8B,native_thinking,23,silhouette_cosine,higher,-0.012124821684803,-0.17575757575757575,-0.07887331862002611
Qwen3-8B,native_thinking,23,within_trace,lower,5.704094164299251,0.11515151515151514,54.73124186197947
Qwen3-8B,non_thinking,24,centroid_nearest_squared,higher,-227.09658674760266,-0.9665698144513026,-1429.2314758300781
Qwen3-8B,non_thinking,24,class_nc1_ratio,lower,-0.17987887695063473,-0.10303030303030303,-0.7640480467936719
Qwen3-8B,non_thinking,24,fisher_nearest,higher,-5.898489692229222,-0.8909090909090909,-36.08897000763387
Qwen3-8B,non_thinking,24,logistic_f1,higher,-0.06867453174695061,-0.5272727272727272,-0.5272875816993464
Qwen3-8B,non_thinking,24,logistic_precision,higher,-0.07143972189426734,-0.5515151515151515,-0.5528499278499279
Qwen3-8B,non_thinking,24,logistic_recall,higher,-0.06868686868686866,-0.5137830903923015,-0.5185185185185186
Qwen3-8B,non_thinking,24,mean_bhattacharyya,higher,-2.8613186677296913,0.11515151515151514,-16.988380937664598
Qwen3-8B,non_thinking,24,min_bhattacharyya,higher,-2.297158398050248,-0.9146511499786562,-14.266711413860321
Qwen3-8B,non_thinking,24,nc2_class_cosine_deviation,lower,-0.024012845461464122,-0.7575757575757575,-0.17943399966935875
Qwen3-8B,non_thinking,24,ncc_recall,higher,-0.068013468013468,-0.523570314404736,-0.5185185185185185
Qwen3-8B,non_thinking,24,silhouette_cosine,higher,-0.06579801042874647,-0.34545454545454546,-0.3901410276691119
Qwen3-8B,non_thinking,24,within_trace,lower,-22.820024224483536,0.22424242424242422,-93.02081680297852
Qwen3-8B,native_thinking,24,centroid_nearest_squared,higher,-3.286609395344952,-0.14589733048321551,-21.59514617919922
Qwen3-8B,native_thinking,24,class_nc1_ratio,lower,0.024813996335791236,-0.006060606060606061,-0.09580601734880734
Qwen3-8B,native_thinking,24,fisher_nearest,higher,-0.00506949826734205,0.07878787878787878,-0.0309105038205022
Qwen3-8B,native_thinking,24,logistic_f1,higher,-0.02618882774893004,-0.2553203283456271,-0.2405228758169934
Qwen3-8B,native_thinking,24,logistic_precision,higher,-0.021981721981721943,-0.1533857797849622,-0.22222222222222232
Qwen3-8B,native_thinking,24,logistic_recall,higher,-0.029629629629629582,-0.40130338439567786,-0.2592592592592592
Qwen3-8B,native_thinking,24,mean_bhattacharyya,higher,-0.2518500663616036,-0.07878787878787878,-1.6044212977091474
Qwen3-8B,native_thinking,24,min_bhattacharyya,higher,-0.206188105272524,-0.19452977397762067,-1.2949089407920837
Qwen3-8B,native_thinking,24,nc2_class_cosine_deviation,lower,-0.0006860050814922519,0.06666666666666665,-0.013036897957876936
Qwen3-8B,native_thinking,24,ncc_recall,higher,-0.038383838383838326,-0.43316048316960803,-0.22222222222222215
Qwen3-8B,native_thinking,24,silhouette_cosine,higher,-0.009573435783386207,-0.10303030303030303,-0.0625950520237287
Qwen3-8B,native_thinking,24,within_trace,lower,-6.368130770596717,0.11515151515151514,-27.4019775390625
Qwen3-8B,non_thinking,25,centroid_nearest_squared,higher,-197.76753073027618,-0.9422535927041001,-1241.1855290730794
Qwen3-8B,non_thinking,25,class_nc1_ratio,lower,-0.1670153889865714,-0.07878787878787878,-0.5379961578188293
Qwen3-8B,non_thinking,25,fisher_nearest,higher,-7.4578851110656466,-0.8545454545454544,-45.61144991939981
Qwen3-8B,non_thinking,25,logistic_f1,higher,-0.07033146563581341,-0.5515151515151515,-0.5413105413105412
Qwen3-8B,non_thinking,25,logistic_precision,higher,-0.06931916568280204,-0.5531940447488588,-0.5244107744107743
Qwen3-8B,non_thinking,25,logistic_recall,higher,-0.07003367003367002,-0.5690279135274574,-0.5555555555555556
Qwen3-8B,non_thinking,25,mean_bhattacharyya,higher,-2.952440023261685,0.13939393939393938,-17.48597916629579
Qwen3-8B,non_thinking,25,min_bhattacharyya,higher,-2.2588330666224135,-0.9573348703109935,-14.025510609149933
Qwen3-8B,non_thinking,25,nc2_class_cosine_deviation,lower,-0.02447919727327827,-0.7333333333333332,-0.19377408352577025
Qwen3-8B,non_thinking,25,ncc_recall,higher,-0.06801346801346797,-0.4259989772815657,-0.5185185185185185
Qwen3-8B,non_thinking,25,silhouette_cosine,higher,-0.06419387235108645,-0.309090909090909,-0.3782982348153988
Qwen3-8B,non_thinking,25,within_trace,lower,-22.21190268776627,0.1515151515151515,-95.62708028157556
Qwen3-8B,native_thinking,25,centroid_nearest_squared,higher,8.775296852805521,0.012158110873601292,57.21778106689453
Qwen3-8B,native_thinking,25,class_nc1_ratio,lower,0.05899167504177962,0.006060606060606061,0.16443396810380495
Qwen3-8B,native_thinking,25,fisher_nearest,higher,0.0003365535688647993,-0.06666666666666665,0.004836746463813879
Qwen3-8B,native_thinking,25,logistic_f1,higher,-0.027288186737947452,-0.26382354123013496,-0.24206982101718932
Qwen3-8B,native_thinking,25,logistic_precision,higher,-0.026513900043311795,-0.15007329587537338,-0.2834757834757835
Qwen3-8B,native_thinking,25,logistic_recall,higher,-0.026262626262626206,-0.2901732164091825,-0.18518518518518512
Qwen3-8B,native_thinking,25,mean_bhattacharyya,higher,-0.23282132092549704,-0.10303030303030303,-1.4719638250492233
Qwen3-8B,native_thinking,25,min_bhattacharyya,higher,-0.1855820427338279,-0.18237166310401937,-1.1331924796104431
Qwen3-8B,native_thinking,25,nc2_class_cosine_deviation,lower,-0.0002554421729467095,0.17575757575757575,-0.00931982163324524
Qwen3-8B,native_thinking,25,ncc_recall,higher,-0.028956228956228947,-0.3580860968453741,-0.18518518518518512
Qwen3-8B,native_thinking,25,silhouette_cosine,higher,-0.007273475419391264,-0.17575757575757575,-0.0465589314699173
Qwen3-8B,native_thinking,25,within_trace,lower,-2.9966101444130078,0.11515151515151514,-7.655069986979015
Qwen3-8B,non_thinking,26,centroid_nearest_squared,higher,-171.54389856511878,-0.9422535927041001,-1077.2779362996419
Qwen3-8B,non_thinking,26,class_nc1_ratio,lower,-0.1397587365792668,-0.05454545454545454,-0.40431238544118164
Qwen3-8B,non_thinking,26,fisher_nearest,higher,-6.922553906288716,-0.7575757575757575,-42.33973445031337
Qwen3-8B,non_thinking,26,logistic_f1,higher,-0.09342278307684146,-0.9118583155200968,-0.6825593395252838
Qwen3-8B,non_thinking,26,logistic_precision,higher,-0.1031117901706137,-0.9207488243118473,-0.7583333333333333
Qwen3-8B,non_thinking,26,logistic_recall,higher,-0.08619528619528613,-0.8458240563416595,-0.6296296296296295
Qwen3-8B,non_thinking,26,mean_bhattacharyya,higher,-2.8548890652078533,0.309090909090909,-16.874467631181084
Qwen3-8B,non_thinking,26,min_bhattacharyya,higher,-2.0842903939160413,-0.9544117035777014,-12.934807399908703
Qwen3-8B,non_thinking,26,nc2_class_cosine_deviation,lower,-0.024544620527992136,-0.7454545454545454,-0.19510405265760644
Qwen3-8B,non_thinking,26,ncc_recall,higher,-0.07138047138047134,-0.52068583114014,-0.5185185185185186
Qwen3-8B,non_thinking,26,silhouette_cosine,higher,-0.0628749348900534,-0.3696969696969697,-0.37365106493234634
Qwen3-8B,non_thinking,26,within_trace,lower,-14.242429929791038,0.19999999999999998,-52.29492950439453
Qwen3-8B,native_thinking,26,centroid_nearest_squared,higher,13.062014146284737,0.012158110873601292,84.94613647460938
Qwen3-8B,native_thinking,26,class_nc1_ratio,lower,0.10992912808066499,0.06666666666666665,0.5383373080845573
Qwen3-8B,native_thinking,26,fisher_nearest,higher,0.002016366052357353,0.07878787878787878,0.015058398664302003
Qwen3-8B,native_thinking,26,logistic_f1,higher,-0.025719400674307065,-0.32826899358723494,-0.256644880174292
Qwen3-8B,native_thinking,26,logistic_precision,higher,-0.022053872053872027,-0.18463723646899907,-0.2314814814814814
Qwen3-8B,native_thinking,26,logistic_recall,higher,-0.027609427609427587,-0.3364055948997212,-0.2592592592592593
Qwen3-8B,native_thinking,26,mean_bhattacharyya,higher,-0.23935617766396308,-0.10303030303030303,-1.5011459279943389
Qwen3-8B,native_thinking,26,min_bhattacharyya,higher,-0.17514369803847657,-0.18237166310401937,-1.0676976243654888
Qwen3-8B,native_thinking,26,nc2_class_cosine_deviation,lower,0.0010012371917810924,0.1515151515151515,-0.0026525229890160262
Qwen3-8B,native_thinking,26,ncc_recall,higher,-0.02424242424242421,-0.269124475919777,-0.14814814814814814
Qwen3-8B,native_thinking,26,silhouette_cosine,higher,-0.007102047358498407,-0.07878787878787878,-0.044365160167217255
Qwen3-8B,native_thinking,26,within_trace,lower,-9.222211618134565,0.11515151515151514,-60.4697265625
Qwen3-8B,non_thinking,27,centroid_nearest_squared,higher,-156.32295453620665,-0.9422535927041001,-977.238909403483
Qwen3-8B,non_thinking,27,class_nc1_ratio,lower,-0.1389150671512025,-0.05454545454545454,-0.3848252350664234
Qwen3-8B,non_thinking,27,fisher_nearest,higher,-8.257351326156211,-0.8060606060606059,-50.49154909878564
Qwen3-8B,non_thinking,27,logistic_f1,higher,-0.07939081214623006,-0.5583242384172624,-0.6035579143938277
Qwen3-8B,non_thinking,27,logistic_precision,higher,-0.09173881673881672,-0.5460533760344654,-0.7027777777777777
Qwen3-8B,non_thinking,27,logistic_recall,higher,-0.07138047138047134,-0.5529657192474108,-0.5555555555555556
Qwen3-8B,non_thinking,27,mean_bhattacharyya,higher,-3.038013283933449,0.23636363636363633,-17.918790000456355
Qwen3-8B,non_thinking,27,min_bhattacharyya,higher,-2.1439337977857273,-0.8875420937728943,-13.24432584643364
Qwen3-8B,non_thinking,27,nc2_class_cosine_deviation,lower,-0.025509760482672283,-0.7818181818181817,-0.1988785249284573
Qwen3-8B,non_thinking,27,ncc_recall,higher,-0.0565656565656565,-0.2547370167319533,-0.40740740740740744
Qwen3-8B,non_thinking,27,silhouette_cosine,higher,-0.06184289152875084,-0.34545454545454546,-0.365849976738294
Qwen3-8B,non_thinking,27,within_trace,lower,-15.456611055316312,0.0303030303030303,-71.29965337117511
Qwen3-8B,native_thinking,27,centroid_nearest_squared,higher,16.038807030880196,0.012158110873601292,103.38213094075513
Qwen3-8B,native_thinking,27,class_nc1_ratio,lower,0.1511522857037497,0.06666666666666665,0.6761381263934494
Qwen3-8B,native_thinking,27,fisher_nearest,higher,0.002426327702771074,0.05454545454545454,0.017743803118973556
Qwen3-8B,native_thinking,27,logistic_f1,higher,-0.009720441536298276,-0.13414883533020291,-0.09607843137254901
Qwen3-8B,native_thinking,27,logistic_precision,higher,-0.01644431326249505,-0.2024692293161501,-0.1563852813852813
Qwen3-8B,native_thinking,27,logistic_recall,higher,-0.004040404040403975,-0.04893172289450491,-0.03703703703703687
Qwen3-8B,native_thinking,27,mean_bhattacharyya,higher,-0.22907571254755876,-0.10303030303030303,-1.4509606935359813
Qwen3-8B,native_thinking,27,min_bhattacharyya,higher,-0.1652242941386768,-0.18237166310401937,-1.0071999231974285
Qwen3-8B,native_thinking,27,nc2_class_cosine_deviation,lower,0.00048030562673755805,0.12727272727272726,-0.006557859204433691
Qwen3-8B,native_thinking,27,ncc_recall,higher,-0.025589225589225568,-0.25392960735783393,-0.1481481481481482
Qwen3-8B,native_thinking,27,silhouette_cosine,higher,-0.00648506131361829,-0.01818181818181818,-0.0405518530557553
Qwen3-8B,native_thinking,27,within_trace,lower,-12.359884736032274,0.07878787878787878,-84.19340006510402
Qwen3-8B,non_thinking,28,centroid_nearest_squared,higher,-133.40892024184706,-0.9787279253249042,-831.5987777709961
Qwen3-8B,non_thinking,28,class_nc1_ratio,lower,-0.2017944601859997,-0.07878787878787878,-0.6958772811437597
Qwen3-8B,non_thinking,28,fisher_nearest,higher,-10.212049505133548,-0.9272727272727272,-62.43203047265501
Qwen3-8B,non_thinking,28,logistic_f1,higher,-0.06564852005355433,-0.40244650599060877,-0.4272459996144207
Qwen3-8B,non_thinking,28,logistic_precision,higher,-0.0811255411255411,-0.3988030274409017,-0.5476190476190477
Qwen3-8B,non_thinking,28,logistic_recall,higher,-0.05791245791245786,-0.46422592173940186,-0.37037037037037035
Qwen3-8B,non_thinking,28,mean_bhattacharyya,higher,-3.17594631922365,0.2121212121212121,-18.755064255661438
Qwen3-8B,non_thinking,28,min_bhattacharyya,higher,-2.244023771719496,-0.6930123197952736,-13.84937091668447
Qwen3-8B,non_thinking,28,nc2_class_cosine_deviation,lower,-0.027848608378185768,-0.7818181818181817,-0.2100579773110373
Qwen3-8B,non_thinking,28,ncc_recall,higher,-0.05185185185185178,-0.2547370167319533,-0.37037037037037035
Qwen3-8B,non_thinking,28,silhouette_cosine,higher,-0.06204843724315808,-0.34545454545454546,-0.36206547419230145
Qwen3-8B,non_thinking,28,within_trace,lower,-15.23845036824537,-0.006060606060606061,-77.72714614868164
Qwen3-8B,native_thinking,28,centroid_nearest_squared,higher,20.652490465568892,-0.12158110873601292,120.58066813151038
Qwen3-8B,native_thinking,28,class_nc1_ratio,lower,0.117024874525532,0.01818181818181818,0.3711575636581719
Qwen3-8B,native_thinking,28,fisher_nearest,higher,0.0028930572413792153,-0.11515151515151514,0.015614384329589587
Qwen3-8B,native_thinking,28,logistic_f1,higher,-0.007302093617883067,-0.024316221747202584,-0.034837092731829555
Qwen3-8B,native_thinking,28,logistic_precision,higher,-0.019164370982552748,-0.14589733048321551,-0.17121212121212126
Qwen3-8B,native_thinking,28,logistic_recall,higher,-0.003367003367003341,-0.037043389328831805,0.03703703703703698
Qwen3-8B,native_thinking,28,mean_bhattacharyya,higher,-0.216362750008451,-0.07878787878787878,-1.3666825079255642
Qwen3-8B,native_thinking,28,min_bhattacharyya,higher,-0.1793928976311825,-0.23100410659842457,-1.133516435821851
Qwen3-8B,native_thinking,28,nc2_class_cosine_deviation,lower,-0.0017344772419900885,0.11515151515151514,-0.024398269840811226
Qwen3-8B,native_thinking,28,ncc_recall,higher,-0.026262626262626217,-0.269752900470193,-0.18518518518518523
Qwen3-8B,native_thinking,28,silhouette_cosine,higher,-0.006238747591322098,-0.09090909090909088,-0.039610197146733604
Qwen3-8B,native_thinking,28,within_trace,lower,-8.618591678503813,0.07878787878787878,-41.5382080078125
Qwen3-8B,non_thinking,29,centroid_nearest_squared,higher,-124.55552617853321,-0.9179373709568976,-773.5673472086588
Qwen3-8B,non_thinking,29,class_nc1_ratio,lower,-0.18032614372024122,-0.07878787878787878,-0.455997213277648
Qwen3-8B,non_thinking,29,fisher_nearest,higher,-8.712083534321623,-0.9272727272727272,-53.261863641253285
Qwen3-8B,non_thinking,29,logistic_f1,higher,-0.07315440115440112,-0.46808726863364974,-0.5031746031746032
Qwen3-8B,non_thinking,29,logistic_precision,higher,-0.08382690541781444,-0.5321324864777409,-0.586868686868687
Qwen3-8B,non_thinking,29,logistic_recall,higher,-0.06464646464646459,-0.45686846838892553,-0.4444444444444444
Qwen3-8B,non_thinking,29,mean_bhattacharyya,higher,-3.1046121124065236,0.23636363636363633,-18.19712481233809
Qwen3-8B,non_thinking,29,min_bhattacharyya,higher,-2.1440621580138326,-0.6200636545536659,-13.193750868240993
Qwen3-8B,non_thinking,29,nc2_class_cosine_deviation,lower,-0.02601898167598708,-0.7696969696969697,-0.19880381495588367
Qwen3-8B,non_thinking,29,ncc_recall,higher,-0.0727272727272727,-0.5475598112357867,-0.5185185185185185
Qwen3-8B,non_thinking,29,silhouette_cosine,higher,-0.06150712316686449,-0.28484848484848485,-0.3568177620569865
Qwen3-8B,non_thinking,29,within_trace,lower,-18.21440918662328,0.09090909090909088,-100.30106544494629
Qwen3-8B,native_thinking,29,centroid_nearest_squared,higher,12.829834284926996,0.1158558123306298,70.67542139689135
Qwen3-8B,native_thinking,29,class_nc1_ratio,lower,0.09142906662359247,-0.006060606060606061,0.1920252160713538
Qwen3-8B,native_thinking,29,fisher_nearest,higher,0.0011138224570507154,0.11515151515151514,0.0014470676621397838
Qwen3-8B,native_thinking,29,logistic_f1,higher,-0.015645620289583082,-0.19452977397762067,-0.14902534113060428
Qwen3-8B,native_thinking,29,logistic_precision,higher,-0.013879706152433407,-0.20122325299530439,-0.10788840788840792
Qwen3-8B,native_thinking,29,logistic_recall,higher,-0.01885521885521882,-0.18463723646899907,-0.18518518518518512
Qwen3-8B,native_thinking,29,mean_bhattacharyya,higher,-0.20508024973500008,0.006060606060606061,-1.2722141831009481
Qwen3-8B,native_thinking,29,min_bhattacharyya,higher,-0.16102921998862033,-0.1768325556625402,-1.0384832024574282
Qwen3-8B,native_thinking,29,nc2_class_cosine_deviation,lower,-0.0025404792718012313,0.16363636363636364,-0.03186591621488333
Qwen3-8B,native_thinking,29,ncc_recall,higher,-0.035016835016834995,-0.5332324776736374,-0.2222222222222222
Qwen3-8B,native_thinking,29,silhouette_cosine,higher,-0.006435741687362822,-0.0303030303030303,-0.042879582693179444
Qwen3-8B,native_thinking,29,within_trace,lower,-16.19824440696031,0.0303030303030303,-113.12410481770848
Qwen3-8B,non_thinking,30,centroid_nearest_squared,higher,-102.05339898774108,-0.7963562622208846,-632.4264653523762
Qwen3-8B,non_thinking,30,class_nc1_ratio,lower,-0.1656486096427685,-0.12727272727272726,-0.30692613678521763
Qwen3-8B,non_thinking,30,fisher_nearest,higher,-7.209114041060779,-0.8424242424242423,-44.07511047720787
Qwen3-8B,non_thinking,30,logistic_f1,higher,-0.05982576075455326,-0.41337576970244394,-0.3846153846153846
Qwen3-8B,non_thinking,30,logistic_precision,higher,-0.06378787878787875,-0.5337825136516684,-0.41666666666666674
Qwen3-8B,non_thinking,30,logistic_recall,higher,-0.056565656565656534,-0.4391326286724072,-0.37037037037037035
Qwen3-8B,non_thinking,30,mean_bhattacharyya,higher,-3.027456712722773,0.23636363636363633,-17.742402095485616
Qwen3-8B,non_thinking,30,min_bhattacharyya,higher,-2.0885995756496056,-0.6200636545536659,-12.81351692477862
Qwen3-8B,non_thinking,30,nc2_class_cosine_deviation,lower,-0.023899332198408087,-0.7212121212121211,-0.1749341289202372
Qwen3-8B,non_thinking,30,ncc_recall,higher,-0.07003367003366999,-0.5475598112357867,-0.4814814814814815
Qwen3-8B,non_thinking,30,silhouette_cosine,higher,-0.05981761907989321,-0.16363636363636364,-0.3477021257082621
Qwen3-8B,non_thinking,30,within_trace,lower,-22.291033981785596,-0.2121212121212121,-138.42380015055335
Qwen3-8B,native_thinking,30,centroid_nearest_squared,higher,12.58646559281792,0.07926976633148354,61.79696400960279
Qwen3-8B,native_thinking,30,class_nc1_ratio,lower,0.09934092322177042,0.01818181818181818,0.3402710347342124
Qwen3-8B,native_thinking,30,fisher_nearest,higher,-0.0012045422479580272,-0.0303030303030303,-0.017124961837134023
Qwen3-8B,native_thinking,30,logistic_f1,higher,-0.019089755635051102,-0.18787878787878787,-0.16703122896755962
Qwen3-8B,native_thinking,30,logistic_precision,higher,-0.017938912938912897,-0.17792750455055614,-0.19880952380952388
Qwen3-8B,native_thinking,30,logistic_recall,higher,-0.016835016835016807,-0.15244185832977605,-0.11111111111111116
Qwen3-8B,native_thinking,30,mean_bhattacharyya,higher,-0.17568157465770964,0.05454545454545454,-1.0624911078700316
Qwen3-8B,native_thinking,30,min_bhattacharyya,higher,-0.13132165778766947,-0.03048837166595521,-0.9164230823516846
Qwen3-8B,native_thinking,30,nc2_class_cosine_deviation,lower,-0.003978512959057959,-0.0303030303030303,-0.03894543344990464
Qwen3-8B,native_thinking,30,ncc_recall,higher,-0.024242424242424225,-0.21608643775151887,-0.18518518518518523
Qwen3-8B,native_thinking,30,silhouette_cosine,higher,-0.00576530758178593,-0.01818181818181818,-0.03736816098292668
Qwen3-8B,native_thinking,30,within_trace,lower,-26.982104492187545,0.05454545454545454,-182.36031087239576
Qwen3-8B,non_thinking,31,centroid_nearest_squared,higher,-95.54394820242206,-0.7963562622208846,-591.5107065836588
Qwen3-8B,non_thinking,31,class_nc1_ratio,lower,-0.24467274659971017,-0.2727272727272727,-0.7093776699435672
Qwen3-8B,non_thinking,31,fisher_nearest,higher,-6.164046888207448,-0.8545454545454544,-37.68299073618934
Qwen3-8B,non_thinking,31,logistic_f1,higher,-0.06069750911856173,-0.4146418546569909,-0.384529700319174
Qwen3-8B,non_thinking,31,logistic_precision,higher,-0.05326175507993684,-0.20732092732849544,-0.33518518518518514
Qwen3-8B,non_thinking,31,logistic_recall,higher,-0.06195286195286194,-0.45902081052301746,-0.4074074074074074
Qwen3-8B,non_thinking,31,mean_bhattacharyya,higher,-2.8776557794323634,0.11515151515151514,-16.784156347866414
Qwen3-8B,non_thinking,31,min_bhattacharyya,higher,-1.969538919130959,-0.6463534793182504,-12.099565774202347
Qwen3-8B,non_thinking,31,nc2_class_cosine_deviation,lower,-0.026107817168566704,-0.7212121212121211,-0.1890756124975505
Qwen3-8B,non_thinking,31,ncc_recall,higher,-0.07609427609427606,-0.6712455895421081,-0.5555555555555556
Qwen3-8B,non_thinking,31,silhouette_cosine,higher,-0.059892935870271675,-0.28484848484848485,-0.34368062019348145
Qwen3-8B,non_thinking,31,within_trace,lower,-21.318530111601827,-0.09090909090909088,-126.10711797078449
Qwen3-8B,native_thinking,31,centroid_nearest_squared,higher,23.352967557040227,-0.06707441766510146,134.2902437845866
Qwen3-8B,native_thinking,31,class_nc1_ratio,lower,0.15789777120828022,-0.01818181818181818,0.7519278607873492
Qwen3-8B,native_thinking,31,fisher_nearest,higher,0.001318269693779905,-0.05454545454545454,0.0016058120583244129
Qwen3-8B,native_thinking,31,logistic_f1,higher,-0.017079128302038494,-0.16363636363636364,-0.16892926761347804
Qwen3-8B,native_thinking,31,logistic_precision,higher,-0.011060606060606003,-0.09726488698881033,-0.13703703703703718
Qwen3-8B,native_thinking,31,logistic_recall,higher,-0.021548821548821494,-0.2439069733276417,-0.18518518518518512
Qwen3-8B,native_thinking,31,mean_bhattacharyya,higher,-0.15165665149688692,0.05454545454545454,-0.9043227715624704
Qwen3-8B,native_thinking,31,min_bhattacharyya,higher,-0.10111191290797587,-0.03048837166595521,-0.6990065326293311
Qwen3-8B,native_thinking,31,nc2_class_cosine_deviation,lower,-0.004389024593613372,-0.05454545454545454,-0.04146173651571633
Qwen3-8B,native_thinking,31,ncc_recall,higher,-0.03164983164983163,-0.31486880929507033,-0.2592592592592593
Qwen3-8B,native_thinking,31,silhouette_cosine,higher,-0.004200317846103126,-0.006060606060606061,-0.027042414993047714
Qwen3-8B,native_thinking,31,within_trace,lower,-43.54759336529363,-0.07878787878787878,-296.0183105468748
Qwen3-8B,non_thinking,32,centroid_nearest_squared,higher,-97.97823238950777,-0.7841981513472833,-609.3322804768881
Qwen3-8B,non_thinking,32,class_nc1_ratio,lower,-0.26879762315509054,-0.24848484848484845,-1.0287173438529909
Qwen3-8B,non_thinking,32,fisher_nearest,higher,-5.686402283845944,-0.8424242424242423,-34.76964479588864
Qwen3-8B,non_thinking,32,logistic_f1,higher,-0.046633725029202155,-0.32826899358723494,-0.31011351909184726
Qwen3-8B,non_thinking,32,logistic_precision,higher,-0.044129389129389095,-0.29179466096643103,-0.2845238095238095
Qwen3-8B,non_thinking,32,logistic_recall,higher,-0.04848484848484842,-0.250932930669947,-0.33333333333333326
Qwen3-8B,non_thinking,32,mean_bhattacharyya,higher,-2.827400701615942,0.13939393939393938,-16.55005845096376
Qwen3-8B,non_thinking,32,min_bhattacharyya,higher,-1.9214712941285312,-0.6585488279846325,-11.807210683822632
Qwen3-8B,non_thinking,32,nc2_class_cosine_deviation,lower,-0.02730834628122604,-0.7212121212121211,-0.2136701267488577
Qwen3-8B,non_thinking,32,ncc_recall,higher,-0.06262626262626259,-0.5529657192474108,-0.44444444444444436
Qwen3-8B,non_thinking,32,silhouette_cosine,higher,-0.05932083256316899,-0.35757575757575755,-0.3428625936309496
Qwen3-8B,non_thinking,32,within_trace,lower,-23.812415290601297,-0.19999999999999998,-146.59461466471356
Qwen3-8B,native_thinking,32,centroid_nearest_squared,higher,18.398769771691605,-0.06116465361813115,110.21419397989911
Qwen3-8B,native_thinking,32,class_nc1_ratio,lower,0.24097425990825624,-0.01818181818181818,1.3997663161477352
Qwen3-8B,native_thinking,32,fisher_nearest,higher,0.000864813126004619,-0.05454545454545454,0.002795164117298604
Qwen3-8B,native_thinking,32,logistic_f1,higher,-0.011644891681480448,-0.09090909090909088,-0.11971215918584344
Qwen3-8B,native_thinking,32,logistic_precision,higher,-0.01547008547008545,-0.19019836693335312,-0.10573870573870581
Qwen3-8B,native_thinking,32,logistic_recall,higher,-0.007407407407407367,-0.10495626976502344,-0.11111111111111116
Qwen3-8B,native_thinking,32,mean_bhattacharyya,higher,-0.12484166666313413,0.06666666666666665,-0.7261539410661766
Qwen3-8B,native_thinking,32,min_bhattacharyya,higher,-0.07023219953883753,-0.03048837166595521,-0.46501899758974696
Qwen3-8B,native_thinking,32,nc2_class_cosine_deviation,lower,-0.004778285940298638,-0.06666666666666665,-0.04328385810271951
Qwen3-8B,native_thinking,32,ncc_recall,higher,-0.01885521885521884,-0.24618298195866545,-0.14814814814814814
Qwen3-8B,native_thinking,32,silhouette_cosine,higher,-0.003491736858180053,-0.01818181818181818,-0.021130934357643127
Qwen3-8B,native_thinking,32,within_trace,lower,-41.80346161813454,-0.07878787878787878,-289.19205729166697
Qwen3-8B,non_thinking,33,centroid_nearest_squared,higher,-97.70718122540089,-0.7963562622208846,-606.9934323628744
Qwen3-8B,non_thinking,33,class_nc1_ratio,lower,-0.13935017394795324,-0.16363636363636364,-0.023018059367174715
Qwen3-8B,non_thinking,33,fisher_nearest,higher,-4.8185854088942,-0.8303030303030302,-29.4663866933848
Qwen3-8B,non_thinking,33,logistic_f1,higher,-0.0564311781157924,-0.2727272727272727,-0.3564585483316134
Qwen3-8B,non_thinking,33,logistic_precision,higher,-0.0518542568542568,-0.26829767066040583,-0.3003968253968254
Qwen3-8B,non_thinking,33,logistic_recall,higher,-0.056565656565656514,-0.3167890100792656,-0.37037037037037035
Qwen3-8B,non_thinking,33,mean_bhattacharyya,higher,-2.7133300519952837,0.10303030303030303,-15.855105688174568
Qwen3-8B,non_thinking,33,min_bhattacharyya,higher,-1.7701681595860084,-0.6585488279846325,-10.87513863046964
Qwen3-8B,non_thinking,33,nc2_class_cosine_deviation,lower,-0.026160550807640005,-0.7696969696969697,-0.20386698262559033
Qwen3-8B,non_thinking,33,ncc_recall,higher,-0.06734006734006728,-0.5048713746045669,-0.48148148148148145
Qwen3-8B,non_thinking,33,silhouette_cosine,higher,-0.05615847429091272,0.06666666666666665,-0.31657278413573897
Qwen3-8B,non_thinking,33,within_trace,lower,-21.92681156505236,-0.17575757575757575,-139.19498316446942
Qwen3-8B,native_thinking,33,centroid_nearest_squared,higher,21.973117643414184,-0.09786344578900982,137.3794822692871
Qwen3-8B,native_thinking,33,class_nc1_ratio,lower,0.3769202993452134,0.10303030303030303,2.187658084103603
Qwen3-8B,native_thinking,33,fisher_nearest,higher,0.0022335379198670058,-0.05454545454545454,0.013866786485909888
Qwen3-8B,native_thinking,33,logistic_f1,higher,-0.016731886162226695,-0.16363636363636364,-0.15411797467525012
Qwen3-8B,native_thinking,33,logistic_precision,higher,-0.019106541606541558,-0.07878787878787878,-0.14675925925925926
Qwen3-8B,native_thinking,33,logistic_recall,higher,-0.01750841750841748,-0.11078234188139946,-0.18518518518518512
Qwen3-8B,native_thinking,33,mean_bhattacharyya,higher,-0.11391670776135963,0.06666666666666665,-0.6567762311961918
Qwen3-8B,native_thinking,33,min_bhattacharyya,higher,-0.05723643158421343,-0.21341860166168644,-0.353224222858747
Qwen3-8B,native_thinking,33,nc2_class_cosine_deviation,lower,-0.004770245653076473,-0.09090909090909088,-0.04037986605317012
Qwen3-8B,native_thinking,33,ncc_recall,higher,-0.018855218855218812,-0.1944730212692089,-0.14814814814814814
Qwen3-8B,native_thinking,33,silhouette_cosine,higher,-0.0020931938832456226,0.04242424242424241,-0.010594636201858517
Qwen3-8B,native_thinking,33,within_trace,lower,-45.11313032670463,-0.006060606060606061,-314.84952799479174
Qwen3-8B,non_thinking,34,centroid_nearest_squared,higher,-108.14460604118568,-0.7963562622208846,-670.6860605875651
Qwen3-8B,non_thinking,34,class_nc1_ratio,lower,-0.09071517945207896,-0.06666666666666665,0.3250364257374221
Qwen3-8B,non_thinking,34,fisher_nearest,higher,-2.688801142603778,-0.7454545454545454,-16.448757096805206
Qwen3-8B,non_thinking,34,logistic_f1,higher,-0.05789321789321786,-0.5002443195845779,-0.33968253968253964
Qwen3-8B,non_thinking,34,logistic_precision,higher,-0.06052059052059047,-0.5252565355638068,-0.3555555555555555
Qwen3-8B,non_thinking,34,logistic_recall,higher,-0.05521885521885515,-0.4525557286846652,-0.33333333333333337
Qwen3-8B,non_thinking,34,mean_bhattacharyya,higher,-2.0809280688112404,0.2606060606060606,-12.143784641115756
Qwen3-8B,non_thinking,34,min_bhattacharyya,higher,-1.2787996174711156,-0.6686960980480711,-7.885395656029383
Qwen3-8B,non_thinking,34,nc2_class_cosine_deviation,lower,-0.02750649996745736,-0.7212121212121211,-0.21580813046345487
Qwen3-8B,non_thinking,34,ncc_recall,higher,-0.06734006734006728,-0.5048713746045669,-0.48148148148148145
Qwen3-8B,non_thinking,34,silhouette_cosine,higher,-0.05419107693614374,0.06666666666666665,-0.3004108692208926
Qwen3-8B,non_thinking,34,within_trace,lower,-20.098747345895443,-0.0303030303030303,-120.8552576700846
Qwen3-8B,native_thinking,34,centroid_nearest_squared,higher,14.59222319631873,-0.06116465361813115,93.56044006347656
Qwen3-8B,native_thinking,34,class_nc1_ratio,lower,0.38351960793838347,0.07878787878787878,2.046575083564692
Qwen3-8B,native_thinking,34,fisher_nearest,higher,0.0003097468417366434,-0.07878787878787878,0.0026454961068717586
Qwen3-8B,native_thinking,34,logistic_f1,higher,-0.020955047131517704,-0.309090909090909,-0.18684012066365008
Qwen3-8B,native_thinking,34,logistic_precision,higher,-0.017853025314325564,-0.2743953449935969,-0.16920978917882945
Qwen3-8B,native_thinking,34,logistic_recall,higher,-0.018855218855218802,-0.21745842891752115,-0.18518518518518512
Qwen3-8B,native_thinking,34,mean_bhattacharyya,higher,-0.10917098570351619,0.10303030303030303,-0.6270701449226452
Qwen3-8B,native_thinking,34,min_bhattacharyya,higher,-0.05757311004580846,-0.024465861447252456,-0.3400643517573674
Qwen3-8B,native_thinking,34,nc2_class_cosine_deviation,lower,-0.005286406150615222,-0.1515151515151515,-0.04017282030526015
Qwen3-8B,native_thinking,34,ncc_recall,higher,-0.007407407407407356,0.09697622757528539,-0.037037037037037035
Qwen3-8B,native_thinking,34,silhouette_cosine,higher,-0.001965540918436895,-0.04242424242424241,-0.010604009032249447
Qwen3-8B,native_thinking,34,within_trace,lower,-44.763682232481116,-0.17575757575757575,-322.48494466145826
Qwen3-8B,non_thinking,35,centroid_nearest_squared,higher,-132.6081514069527,-0.7963562622208846,-822.5580965677897
Qwen3-8B,non_thinking,35,class_nc1_ratio,lower,-0.04871958512527455,0.1515151515151515,0.3995916599774114
Qwen3-8B,non_thinking,35,fisher_nearest,higher,-2.101234842200108,-0.7818181818181817,-12.860680852974504
Qwen3-8B,non_thinking,35,logistic_f1,higher,-0.05160960251869337,-0.52068583114014,-0.31616161616161614
Qwen3-8B,non_thinking,35,logistic_precision,higher,-0.06006821461366913,-0.5645990940073807,-0.38383838383838387
Qwen3-8B,non_thinking,35,logistic_recall,higher,-0.05319865319865315,-0.39409787022151144,-0.33333333333333337
Qwen3-8B,non_thinking,35,mean_bhattacharyya,higher,-2.071801922497923,0.18787878787878787,-12.026257400159482
Qwen3-8B,non_thinking,35,min_bhattacharyya,higher,-1.1353133938529258,-0.7841981513472833,-6.985280791918437
Qwen3-8B,non_thinking,35,nc2_class_cosine_deviation,lower,-0.028274572624769546,-0.7212121212121211,-0.2221235715067435
Qwen3-8B,non_thinking,35,ncc_recall,higher,-0.07205387205387198,-0.5796671338052434,-0.5185185185185185
Qwen3-8B,non_thinking,35,silhouette_cosine,higher,-0.05385748996879107,-0.16363636363636364,-0.3019041021664937
Qwen3-8B,non_thinking,35,within_trace,lower,-17.35417404174801,0.22424242424242422,-109.49355951944989
Qwen3-8B,native_thinking,35,centroid_nearest_squared,higher,17.99346211751308,0.07926976633148354,115.74583625793457
Qwen3-8B,native_thinking,35,class_nc1_ratio,lower,0.3740309882362493,0.0303030303030303,2.10152152644916
Qwen3-8B,native_thinking,35,fisher_nearest,higher,0.0010790422005832966,0.04242424242424241,0.007683850775283496
Qwen3-8B,native_thinking,35,logistic_f1,higher,-0.02571373474277283,-0.2727272727272727,-0.20121376237528676
Qwen3-8B,native_thinking,35,logistic_precision,higher,-0.010173160173160145,-0.16363636363636364,-0.05740740740740735
Qwen3-8B,native_thinking,35,logistic_recall,higher,-0.039057239057239006,-0.4445206719459817,-0.3333333333333332
Qwen3-8B,native_thinking,35,mean_bhattacharyya,higher,-0.07689068421771607,0.07878787878787878,-0.4293499506182137
Qwen3-8B,native_thinking,35,min_bhattacharyya,higher,-0.041297024669069045,-0.17126103013076718,-0.2336381425460179
Qwen3-8B,native_thinking,35,nc2_class_cosine_deviation,lower,-0.005397972318504442,-0.06666666666666665,-0.03625930810477507
Qwen3-8B,native_thinking,35,ncc_recall,higher,-0.010101010101010062,-0.07385489458759964,-5.551115123125783e-17
Qwen3-8B,native_thinking,35,silhouette_cosine,higher,1.486377282577814e-05,0.04242424242424241,0.000738486647605896
Qwen3-8B,native_thinking,35,within_trace,lower,-52.92391394412874,-0.22424242424242422,-409.3076171875
